{"instances":[{"type":"polygon","classId":1,"probability":100,"points":[1026.1,852.1,1016.8,895.6,1003.7,899.5,977.3,871.9,993.1,808.6,1020.8,846.8],"groupId":0,"pointLabels":{},"locked":false,"visible":true,"attributes":[],"className":"Downy mildew"},{"type":"polygon","classId":1,"probability":100,"points":[2965.9,817.9,2961.6,818.6,2914.3,816.5,2901.4,789.2,2916.4,769.8,2942.3,771.3,2977.4,749.7,2985.3,761.2,2970.2,784.2,2964.5,796.4,2981.7,798.5,2974.5,812.9,2965.2,818.6],"groupId":0,"pointLabels":{},"locked":false,"visible":true,"attributes":[],"className":"Downy mildew"},{"type":"polygon","classId":1,"probability":100,"points":[5224.1,1750.5,5241.7,1757.5,5290,1719.9,5340.5,1697.6,5333.5,1665.8,5313.5,1645.8,5284.1,1629.4,5264.1,1656.4,5250,1669.3,5228.8,1735.2,5222.9,1743.4],"groupId":0,"pointLabels":{},"locked":false,"visible":true,"attributes":[],"className":"Downy mildew"},{"type":"polygon","classId":1,"probability":100,"points":[319.7,1449.4,254.4,1454,226.9,1472.4,249.8,1531.9,292.2,1546.8,335.7,1535.4,388.5,1512.5,401.1,1499.9,349.5,1471.2,319.7,1450.6],"groupId":0,"pointLabels":{},"locked":false,"visible":true,"attributes":[],"className":"Downy mildew"},{"type":"polygon","classId":1,"probability":100,"points":[223.3,1854.3,222.1,1852,176.3,1830.8,121,1843.7,97.5,1846.1,44.6,1819,0,1786.1,28.1,1749.7,88.1,1761.4,122.2,1776.7,139.8,1774.4,135.1,1754.4,182.2,1779.1,184.5,1779.1,225.7,1848.4],"groupId":0,"pointLabels":{},"locked":false,"visible":true,"attributes":[],"className":"Downy mildew"},{"type":"polygon","classId":1,"probability":100,"points":[2043.6,1875.7,2059.5,1860.8,2066.5,1857.8,2106.3,1851.8,2130.2,1867.7,2125.3,1891.6,2108.3,1912.6,2065.5,1946.4,2043.6,1955.4,2018.7,1971.3,2025.6,1941.5,2047.6,1899.6,2040.6,1881.7,2041.6,1875.7],"groupId":0,"pointLabels":{},"locked":false,"visible":true,"attributes":[],"className":"Downy mildew"},{"type":"polygon","classId":1,"probability":100,"points":[2446.6,1702.6,2430.4,1731,2425,1753.9,2430.4,1831,2404.7,1840.5,2366.8,1820.2,2353.3,1782.3,2369.5,1737.7,2387.1,1709.3,2399.3,1699.8,2443.9,1698.5],"groupId":0,"pointLabels":{},"locked":false,"visible":true,"attributes":[],"className":"Downy mildew"}],"tags":[],"metadata":{"version":"1.0.0","name":"_DSC4629.JPG","status":"Completed"}}