{"instances":[{"type":"polygon","classId":1,"probability":100,"points":[1661.4,1649.5,1665.7,1646.3,1683.4,1638.7,1721.6,1626.9,1724.3,1635.5,1713.5,1645.7,1693.1,1660.8,1682.9,1669.9,1667.3,1676.4,1646.9,1668.8,1646.9,1667.2,1659.8,1649.5],"groupId":0,"pointLabels":{},"locked":false,"visible":true,"attributes":[],"className":"Downy mildew"},{"type":"polygon","classId":1,"probability":100,"points":[1475.6,1741.9,1497.4,1765.4,1473,1779.6,1446.2,1786.3,1421.9,1768.7,1444.5,1754.5,1477.2,1743.6],"groupId":0,"pointLabels":{},"locked":false,"visible":true,"attributes":[],"className":"Downy mildew"},{"type":"polygon","classId":1,"probability":100,"points":[1390.4,1992.3,1419.6,1990.1,1445.2,1995.9,1459.1,2007.6,1454,2028.8,1443.8,2043.5,1410.9,2050.8,1386,2050.1,1371.3,2026.6,1386,2008.4,1387.4,1994.4],"groupId":0,"pointLabels":{},"locked":false,"visible":true,"attributes":[],"className":"Downy mildew"},{"type":"polygon","classId":1,"probability":100,"points":[1013.5,1315.6,1024.1,1358.1,972.7,1374.1,948.8,1328,1014.4,1313.8],"groupId":0,"pointLabels":{},"locked":false,"visible":true,"attributes":[],"className":"Downy mildew"},{"type":"polygon","classId":1,"probability":100,"points":[3246.9,1477.2,3291.5,1480.3,3277.2,1424.7,3251.7,1472.4],"groupId":0,"pointLabels":{},"locked":false,"visible":true,"attributes":[],"className":"Downy mildew"},{"type":"polygon","classId":1,"probability":100,"points":[3205.6,1496.3,3294.7,1502.6,3269.2,1539.2,3259.7,1609.2,3215.1,1621.9,3186.5,1610.8,3170.6,1582.2,3181.7,1536,3199.2,1504.2],"groupId":0,"pointLabels":{},"locked":false,"visible":true,"attributes":[],"className":"Downy mildew"}],"tags":[],"metadata":{"version":"1.0.0","name":"_DSC4614.JPG","status":"Completed"}}