{"instances":[{"type":"polygon","classId":1,"probability":100,"points":[1689.1,1967.8,1696.2,1948.5,1691.8,1930,1680.3,1915.9,1663.6,1908.8,1639.8,1919.4,1622.2,1938.8,1628.4,1952.9,1636.3,1958.2,1687.4,1969.6],"groupId":0,"pointLabels":{},"locked":false,"visible":true,"attributes":[],"className":"Downy mildew"},{"type":"polygon","classId":1,"probability":100,"points":[3605.1,1214.3,3609.7,1135.5,3636.9,1132.5,3699.1,1202.2,3729.39990234375,1255.0999755859375,3682.699951171875,1267.0999755859375,3609.7,1220.4],"groupId":0,"pointLabels":{},"locked":false,"visible":true,"attributes":[],"className":"Downy mildew"},{"type":"polygon","classId":1,"probability":100,"points":[923.5,3214.7,860.4,3197.6,850.5,3183.2,847.8,3154.3,859.5,3147.1,883.8,3141.7,910,3139,932.5,3144.4,950.5,3158.8,922.6,3212.9],"groupId":0,"pointLabels":{},"locked":false,"visible":true,"attributes":[],"className":"Downy mildew"},{"type":"polygon","classId":1,"probability":100,"points":[4211.8,2692.3,4191,2690.3,4169.2,2677.8,4168.1,2672.6,4187.9,2651.8,4213.9,2645.6,4223.2,2653.9,4211.8,2680.9,4212.8,2687.2],"groupId":0,"pointLabels":{},"locked":false,"visible":true,"attributes":[],"className":"Downy mildew"},{"type":"polygon","classId":1,"probability":100,"points":[1924.9,1528.5,1941.1,1510.4,1970.5,1518,1967.6,1538,1968.6,1550.3,1963.8,1575.9,1923,1579.7,1918.3,1553.1,1918.3,1532.3,1924,1532.3],"groupId":0,"pointLabels":{},"locked":false,"visible":true,"attributes":[],"className":"Downy mildew"},{"type":"polygon","classId":1,"probability":100,"points":[2592.1,1593.3,2589.8,1592.1,2663.9,1592.1,2642.7,1627.4,2636.8,1660.3,2625.1,1658,2609.8,1640.3,2590.9,1593.3],"groupId":0,"pointLabels":{},"locked":false,"visible":true,"attributes":[],"className":"Downy mildew"},{"type":"polygon","classId":1,"probability":100,"points":[2573.3,1570.9,2667.4,1567.4,2643.9,1538,2612.1,1514.5,2580.4,1514.5,2561.6,1532.1,2568.6,1567.4],"groupId":0,"pointLabels":{},"locked":false,"visible":true,"attributes":[],"className":"Downy mildew"}],"tags":[],"metadata":{"version":"1.0.0","name":"_DSC4572.JPG","status":"Completed"}}