{"instances":[{"type":"polygon","classId":1,"probability":100,"points":[3467.4,3006.3,3459.4,2986.5,3464.1,2965.9,3473,2974.4,3478.2,2983.6,3468.8,3006.5],"groupId":0,"pointLabels":{},"locked":false,"visible":true,"attributes":[],"className":"Downy mildew"},{"type":"polygon","classId":1,"probability":100,"points":[3823.1,1801.8,3824.6,1871.5,3820.8,1891.4,3790.9,1880.7,3772.6,1866.9,3758,1840.1,3768.7,1804.1,3823.1,1801.1],"groupId":0,"pointLabels":{},"locked":false,"visible":true,"attributes":[],"className":"Downy mildew"},{"type":"polygon","classId":1,"probability":100,"points":[3711.2,2367.4,3740,2328,3718.7,2299.2,3688.8,2298.1,3682.4,2316.2,3682.4,2320.5,3690.9,2366.4,3706.9,2367.4],"groupId":0,"pointLabels":{},"locked":false,"visible":true,"attributes":[],"className":"Downy mildew"},{"type":"polygon","classId":1,"probability":100,"points":[2097.1,1839.9,2105.3,1891.6,2126.5,1931.6,2164.1,1949.3,2214.7,1941,2245.3,1926.9,2262.9,1896.3,2280.5,1863.4,2285.2,1836.4,2099.4,1835.2],"groupId":0,"pointLabels":{},"locked":false,"visible":true,"attributes":[],"className":"Downy mildew"}],"tags":[],"metadata":{"version":"1.0.0","name":"_DSC4780.JPG","status":"Completed"}}