{"instances":[{"type":"polygon","classId":1,"probability":100,"points":[4153.2,1688.6,4205.3,1651.1,4247,1589.5,4303.3,1527,4315.8,1501.9,4281.4,1473.8,4196.9,1549.9,4183.4,1588.5,4181.3,1588.5,4137.5,1621.9,4120.8,1690.7,4151.1,1686.5],"groupId":0,"pointLabels":{},"locked":false,"visible":true,"attributes":[],"className":"Downy mildew"},{"type":"polygon","classId":1,"probability":100,"points":[3259.8,2587.2,3248.7,2585,3243.2,2600.5,3207.7,2569.5,3185.5,2532.9,3239.9,2516.2,3251,2508.5,3288.7,2517.4,3331.9,2530.7,3314.2,2568.4,3292,2589.5,3266.5,2589.5],"groupId":0,"pointLabels":{},"locked":false,"visible":true,"attributes":[],"className":"Downy mildew"},{"type":"polygon","classId":1,"probability":100,"points":[2303.3,1800.3,2282.8,1794.2,2278.9,1748.7,2243.4,1709.2,2244.5,1678.2,2282.2,1681.5,2309.4,1694.3,2355,1711.5,2373.8,1723.1,2393.8,1770.9,2343.3,1796.9,2302.8,1796.9],"groupId":0,"pointLabels":{},"locked":false,"visible":true,"attributes":[],"className":"Downy mildew"},{"type":"polygon","classId":1,"probability":100,"points":[3519.5,1503.5,3538.4,1604.9,3524.9,1652.2,3472.1,1673.9,3389.6,1660.3,3355.8,1627.9,3380.2,1565.7,3434.3,1519.7,3520.8,1503.5],"groupId":0,"pointLabels":{},"locked":false,"visible":true,"attributes":[],"className":"Downy mildew"}],"tags":[],"metadata":{"version":"1.0.0","name":"_DSC4775.JPG","status":"Completed"}}