{"instances":[{"type":"polygon","classId":1,"probability":100,"points":[2949.10009765625,1901,2931.9,1906.3,2919.1,1911.6,2906.7,1901.9,2903.1,1886,2918.6,1869.2,2939.4,1866.5,2946.5,1866.5,2955.8,1870.5,2962.4,1874.5,2952.2,1886.4,2950,1893,2950,1895.7],"groupId":0,"pointLabels":{},"locked":false,"visible":true,"attributes":[],"className":"Downy mildew"},{"type":"polygon","classId":1,"probability":100,"points":[3471.7,3221.8,3475.8,3268.6,3475.2,3270.6,3473.8,3271.3,3456.6,3322.2,3412.6,3322.9,3419.4,3263.1,3429.8,3233.5,3440.1,3224.5,3462.1,3213.5,3469.7,3221.8],"groupId":0,"pointLabels":{},"locked":false,"visible":true,"attributes":[],"className":"Downy mildew"},{"type":"polygon","classId":1,"probability":100,"points":[1665.6,940.1,1628.8,945.2,1624.7,969.7,1632.9,993.2,1660.5,1005.5,1674.8,991.2,1683,966.7,1667.6,942.1],"groupId":0,"pointLabels":{},"locked":false,"visible":true,"attributes":[],"className":"Downy mildew"},{"type":"polygon","classId":1,"probability":100,"points":[89,1259.2,92.7,1257.4,158.1,1175.6,270.8,1181,323.5,1222.8,349,1286.5,254.4,1291.9,139.9,1270.1,89,1268.3],"groupId":0,"pointLabels":{},"locked":false,"visible":true,"attributes":[],"className":"Downy mildew"},{"type":"polygon","classId":1,"probability":100,"points":[2586,2510.5,2648.6,2476.1,2689.2,2382.2,2689.2,2376,2692.4,2369.7,2676.7,2291.5,2632.9,2260.2,2573.5,2351,2548.5,2416.7,2557.9,2501.1,2582.9,2516.7],"groupId":0,"pointLabels":{},"locked":false,"visible":true,"attributes":[],"className":"Downy mildew"}],"tags":[],"metadata":{"version":"1.0.0","name":"_DSC4824.JPG","status":"Completed"}}