{"instances":[{"type":"polygon","classId":1,"probability":100,"points":[206.5,1292.8,206.5,1292,205.7,1292.8,200.9,1318.6,215.4,1326.6,233.1,1316.2,229.1,1300.8,208.1,1294.4],"groupId":0,"pointLabels":{},"locked":false,"visible":true,"attributes":[],"className":"Downy mildew"},{"type":"polygon","classId":1,"probability":100,"points":[100,1220.4,119.4,1249,136.6,1253.6,157.3,1252.5,157.3,1228.4,156.1,1228.4,143.5,1204.3,130.9,1192.9,128.6,1208.9,101.1,1214.6],"groupId":0,"pointLabels":{},"locked":false,"visible":true,"attributes":[],"className":"Downy mildew"},{"type":"polygon","classId":1,"probability":100,"points":[378.6,1214,385.2,1196.5,370.6,1160,372.1,1138.1,398.3,1139.6,410,1158.5,420.9,1181.1,422.4,1186.2,436.2,1205.9,446.4,1230,442.1,1233.7,423.1,1235.8,408.5,1232.2,404.1,1236.6,384.5,1225.6,377.9,1216.1],"groupId":0,"pointLabels":{},"locked":false,"visible":true,"attributes":[],"className":"Downy mildew"},{"type":"polygon","classId":1,"probability":100,"points":[2788.7,472.7,2765.1,497,2740.8,500.7,2740.1,522.1,2748.2,533.1,2751.9,536.8,2765.9,541.9,2767.3,543.4,2782.8,547.8,2798.3,546.4,2811.5,511,2803.4,491.1,2793.1,473.4],"groupId":0,"pointLabels":{},"locked":false,"visible":true,"attributes":[],"className":"Downy mildew"},{"type":"polygon","classId":1,"probability":100,"points":[2979.3,1789.8,2949.8,1876.6,2918.8,1881.3,2894,1862.7,2903.3,1833.2,2929.7,1806.9,2976.2,1788.3],"groupId":0,"pointLabels":{},"locked":false,"visible":true,"attributes":[],"className":"Downy mildew"},{"type":"polygon","classId":1,"probability":100,"points":[2927.8,2979.3,2837.6,2973.1,2851.6,2929.6,2890.5,2896.9,2935.6,2878.3,2968.2,2878.3,2996.2,2914,2997.8,2931.1,2976,2951.4,2929.3,2974.7],"groupId":0,"pointLabels":{},"locked":false,"visible":true,"attributes":[],"className":"Downy mildew"}],"tags":[],"metadata":{"version":"1.0.0","name":"_DSC4571.JPG","status":"Completed"}}