{"instances":[{"type":"polygon","classId":1,"probability":100,"points":[2153.8,2851.4,2163.2,2835.4,2147.8,2814.6,2109.9,2794.5,2099.3,2794.5,2094.5,2819.4,2121.8,2824.1,2111.1,2849,2111.7,2850.2,2121.2,2859.7,2148.4,2856.7,2153.2,2852.6],"groupId":0,"pointLabels":{},"locked":false,"visible":true,"attributes":[],"className":"Downy mildew"},{"type":"polygon","classId":1,"probability":100,"points":[2067.4,2818.7,2108.6,2842.6,2084.7,2867.3,2042.7,2866.4,2038.6,2842.6,2051.8,2822,2068.2,2817.9],"groupId":0,"pointLabels":{},"locked":false,"visible":true,"attributes":[],"className":"Downy mildew"},{"type":"polygon","classId":1,"probability":100,"points":[2923.9,1415.4,2954.1,1417.1,2955,1437.6,2975.4,1487.4,2972.8,1489.2,2967.4,1519.4,2955.9,1560.3,2930.1,1598.5,2906.1,1626.1,2882.1,1635.9,2870.5,1573.6,2869.6,1522.1,2843,1491.8,2835.8,1452.7,2845.6,1431.4,2895.4,1434.9,2920.3,1414.5],"groupId":0,"pointLabels":{},"locked":false,"visible":true,"attributes":[],"className":"Downy mildew"}],"tags":[],"metadata":{"version":"1.0.0","name":"_DSC4713.JPG","status":"Completed"}}