{"instances":[{"type":"polygon","classId":1,"probability":100,"points":[180.4,1056,180.4,1065.8,171.9,1092.6,146.3,1085.3,160.9,1064.5,176.8,1057.2],"groupId":0,"pointLabels":{},"locked":false,"visible":true,"attributes":[],"className":"Downy mildew"},{"type":"polygon","classId":1,"probability":100,"points":[1014.1,1184.6,1015.4,1183.3,1053.8,1179.2,1044.2,1217.5,1007.2,1227.1,1012.7,1187.4],"groupId":0,"pointLabels":{},"locked":false,"visible":true,"attributes":[],"className":"Downy mildew"},{"type":"polygon","classId":1,"probability":100,"points":[1119.9,1205.1,1097.6,1151.7,1149.1,1131.3,1191.8,1127.4,1198.6,1148.8,1201.5,1223.5,1163.6,1258.5,1139.3,1235.2,1165.6,1201.2,1119.9,1206],"groupId":0,"pointLabels":{},"locked":false,"visible":true,"attributes":[],"className":"Downy mildew"},{"type":"polygon","classId":1,"probability":100,"points":[1708.9,905.8,1741.1,904.4,1754.6,925.3,1756.6,944.1,1749.9,951.5,1746.5,952.2,1729,949.5,1706.8,928,1708.2,922.6,1710.9,918.6,1707.5,907.8],"groupId":0,"pointLabels":{},"locked":false,"visible":true,"attributes":[],"className":"Downy mildew"},{"type":"polygon","classId":1,"probability":100,"points":[1300.6,1776.9,1280.4,1868.6,1227.5,1868.6,1185.6,1845.3,1171.6,1812.6,1187.1,1756.7,1224.4,1748.9,1263.3,1761.3,1294.4,1773.8],"groupId":0,"pointLabels":{},"locked":false,"visible":true,"attributes":[],"className":"Downy mildew"},{"type":"polygon","classId":1,"probability":100,"points":[2833.4,1484,2838.1,1553.3,2762.8,1605.1,2746.3,1522.8,2832.2,1479.3],"groupId":0,"pointLabels":{},"locked":false,"visible":true,"attributes":[],"className":"Downy mildew"}],"tags":[],"metadata":{"version":"1.0.0","name":"_DSC4628.JPG","status":"Completed"}}