{"instances":[{"type":"polygon","classId":1,"probability":100,"points":[2686.7,2287.1,2687.6,2338.7,2736.5,2321.8,2762.3,2296.9,2764.1,2296.9,2778.3,2255.1,2753.4,2232.9,2737.4,2247.1,2717.8,2242.6,2690.3,2287.1],"groupId":0,"pointLabels":{},"locked":false,"visible":true,"attributes":[],"className":"Downy mildew"},{"type":"polygon","classId":1,"probability":100,"points":[2836.89990234375,1703.9000244140625,2845.1,1660.4,2913.1,1665.8,2951.2,1682.2,2956.6,1769.2,2885.9,1796.4,2842.4,1769.2,2842.4,1720.2],"groupId":0,"pointLabels":{},"locked":false,"visible":true,"attributes":[],"className":"Downy mildew"}],"tags":[],"metadata":{"version":"1.0.0","name":"_DSC4574.JPG","status":"Completed"}}