{"instances":[{"type":"polygon","classId":1,"probability":100,"points":[2023.9,2029.7,1966.4,2050.7,1907.2,2022.8,1908.9,1975.7,1950.7,1939.1,1996,1926.9,2058.8,1939.1,2027.4,1972.2,2023.9,1998.4,2027.4,2026.3],"groupId":0,"pointLabels":{},"locked":false,"visible":true,"attributes":[],"className":"Downy mildew"},{"type":"polygon","classId":1,"probability":100,"points":[3065.8,1966.2,2970.6,1978,2944.7,2019.1,2931.8,2068.5,2947.1,2106.2,3008.2,2083.8,3061.1,2040.3,3088.2,2010.9,3095.2,1987.4,3070.5,1968.6],"groupId":0,"pointLabels":{},"locked":false,"visible":true,"attributes":[],"className":"Downy mildew"}],"tags":[],"metadata":{"version":"1.0.0","name":"_DSC4580.JPG","status":"Completed"}}