{"instances":[{"type":"polygon","classId":1,"probability":100,"points":[1957.8,1620.4,1890.9,1593.6,1818.1,1569.3,1808.3,1553.6,1836.3,1543.8,1911.6,1566.9,1935.9000244140625,1581.5,1937.1,1596.1,1965.1,1619.2],"groupId":0,"pointLabels":{},"locked":false,"visible":true,"attributes":[],"className":"Downy mildew"},{"type":"polygon","classId":1,"probability":100,"points":[1940.8,1636.2,1905.5,1677.5,1855.7,1667.8,1815.6,1656.8,1791.3,1616.7,1787.7,1579.1,1787.7,1563.3,1841.1,1577.9,1881.2,1599.7,1883.7,1599.7,1921.3,1616.7,1937.1,1630.1],"groupId":0,"pointLabels":{},"locked":false,"visible":true,"attributes":[],"className":"Downy mildew"},{"type":"polygon","classId":1,"probability":100,"points":[2405.6,1192.6,2448.8,1175.3,2466.9,1142.3,2462.4,1124.2,2424.1,1120.1,2389.1,1131.2,2388.7,1132.5,2371,1149.8,2371,1152.2,2365.2,1174.9,2370.2,1183.1,2384.2,1193.4,2404.3,1193.8],"groupId":0,"pointLabels":{},"locked":false,"visible":true,"attributes":[],"className":"Downy mildew"},{"type":"polygon","classId":1,"probability":100,"points":[2623.7,707,2586,757.5,2613.1,831.6,2642.5,850.4,2654.2,811.6,2667.2,776.3,2664.8,735.2,2626,704.6],"groupId":0,"pointLabels":{},"locked":false,"visible":true,"attributes":[],"className":"Downy mildew"},{"type":"polygon","classId":1,"probability":100,"points":[199,1516.5,244,1493,304.3,1498.1,328.8,1549.2,300.2,1544.1,287.9,1586,261.3,1574.8,244,1588.1,204.1,1589.1,161.1,1578.9,135.6,1530.8,154,1506.3,174.4,1516.5,195.9,1518.5],"groupId":0,"pointLabels":{},"locked":false,"visible":true,"attributes":[],"className":"Downy mildew"},{"type":"polygon","classId":1,"probability":100,"points":[2907.3,2067.5,2908.5,2145.8,2830.2,2184.3,2793,2176.6,2782.7,2134.2,2794.3,2081.6,2831.5,2061.1,2863.6,2067.5,2864.9,2084.2,2900.8,2064.9],"groupId":0,"pointLabels":{},"locked":false,"visible":true,"attributes":[],"className":"Downy mildew"},{"type":"polygon","classId":1,"probability":100,"points":[1214.9,2029.8,1130.3,2074.5,1112.6,2062.8,1109.1,2021.6,1184.4,1985.2,1242,1988.7,1217.3,2026.3],"groupId":0,"pointLabels":{},"locked":false,"visible":true,"attributes":[],"className":"Downy mildew"}],"tags":[],"metadata":{"version":"1.0.0","name":"_DSC4710.JPG","status":"Completed"}}