{"instances":[{"type":"polygon","classId":1,"probability":100,"points":[4395.1,683.8,4426.1,640.4,4401.3,564.5,4368.8,538.1,4314.5,564.5,4291.3,597,4264.9,648.2,4291.3,691.6,4311.4,696.2,4300.6,725.7,4320.7,739.6,4351.7,719.5,4375,716.4,4390.5,688.5],"groupId":0,"pointLabels":{},"locked":false,"visible":true,"attributes":[],"className":"Downy mildew"},{"type":"polygon","classId":1,"probability":100,"points":[2853.5,2594.9,2802.2,2584,2788.2,2529.5,2788.2,2492.2,2830.2,2467.3,2870.6,2467.3,2900.2,2492.2,2917.3,2535.8,2907.9,2566.9,2859.7,2594.9],"groupId":0,"pointLabels":{},"locked":false,"visible":true,"attributes":[],"className":"Downy mildew"}],"tags":[],"metadata":{"version":"1.0.0","name":"_DSC4586.JPG","status":"Completed"}}