{"instances":[{"type":"polygon","classId":1,"probability":100,"points":[379.9,2283.5,341.9,2270.4,341.9,2267.8,355.7,2231.1,399.6,2225.2,468.4,2234.4,474.3,2246.8,384.5,2283.5],"groupId":0,"pointLabels":{},"locked":false,"visible":true,"attributes":[],"className":"Downy mildew"},{"type":"polygon","classId":1,"probability":100,"points":[197.8,2440.1,250.2,2414.5,262.1,2455.7,239,2472.5,222.2,2463.2,209.7,2445.7,202.8,2449.5,197.2,2438.2],"groupId":0,"pointLabels":{},"locked":false,"visible":true,"attributes":[],"className":"Downy mildew"},{"type":"polygon","classId":1,"probability":100,"points":[357.8,2371.2,357.8,2370.4,318.8,2365.3,307,2358.7,307,2352,318,2343.2,370.3,2329.2,388,2341.7,383.6,2360.9,361.5,2371.2],"groupId":0,"pointLabels":{},"locked":false,"visible":true,"attributes":[],"className":"Downy mildew"},{"type":"polygon","classId":1,"probability":100,"points":[293.9,2281.9,268.3,2327.9,239.7,2315.6,221.3,2285,220.3,2285,241.8,2251.2,286.7,2280.9],"groupId":0,"pointLabels":{},"locked":false,"visible":true,"attributes":[],"className":"Downy mildew"},{"type":"polygon","classId":1,"probability":100,"points":[3371.1,2639.8,3367.7,2612.9,3374.5,2594.8,3398.7,2576.6,3470.6,2565.2,3502.2,2600.2,3491.5,2611.6,3484.7,2612.3,3495.5,2624.4,3501.5,2633.1,3501.5,2635.1,3488.1,2662.7,3463.2,2680.8,3446.4,2691.6,3432.3,2692.9,3380.5,2649.9,3365.7,2639.8],"groupId":0,"pointLabels":{},"locked":false,"visible":true,"attributes":[],"className":"Downy mildew"},{"type":"polygon","classId":1,"probability":100,"points":[894,2544.2,877.5,2547.3,869.4,2533.5,855.3,2518.2,838.8,2533.1,825.8,2538.9,821.2,2517,820.8,2501.3,835.7,2495.6,835.7,2485.2,851.4,2494.4,885.9,2532,895.9,2544.6],"groupId":0,"pointLabels":{},"locked":false,"visible":true,"attributes":[],"className":"Downy mildew"},{"type":"polygon","classId":1,"probability":100,"points":[954.2,2601.2,923.9,2583.1,910.5,2561.5,907.1,2537.3,933.4,2549.4,954.2,2564.9,953.5,2556.8,956.9,2552.1,967,2560.2,969.7,2579.7,964.3,2580.4,961.6,2596.5,957.6,2599.2],"groupId":0,"pointLabels":{},"locked":false,"visible":true,"attributes":[],"className":"Downy mildew"},{"type":"polygon","classId":1,"probability":100,"points":[486.2,3063.3,468.4,3097.5,470.9,3100,476,3114,468.4,3124.1,464.6,3136.8,464.6,3141.8,454.5,3145.6,445.6,3157.1,448.1,3159.6,450.7,3195.1,506.4,3162.1,528,3160.9,516.6,3141.8,525.4,3136.8,524.2,3122.8,531.8,3121.6,533.1,3108.9,540.7,3102.6,534.3,3093.7,540.7,3060.7,536.9,3044.2,490,3058.2],"groupId":0,"pointLabels":{},"locked":false,"visible":true,"attributes":[],"className":"Downy mildew"},{"type":"polygon","classId":1,"probability":100,"points":[510.4,3024.1,545.9,3023.5,541.4,2998.7,543.1,2978.4,541.4,2943.4,534.1,2937.8,521.7,2934.4,519.4,2917.5,496.8,2919.2,489.5,2933.8,493.4,2963.7,485.5,2984.1,505.9,3019.6,510.4,3025.2],"groupId":0,"pointLabels":{},"locked":false,"visible":true,"attributes":[],"className":"Downy mildew"},{"type":"polygon","classId":1,"probability":100,"points":[5106.1,1279.5,5109.5,1352.8,5080.5,1318.7,5083.9,1296.6,5097.6,1286.4],"groupId":0,"pointLabels":{},"locked":false,"visible":true,"attributes":[],"className":"Downy mildew"},{"type":"polygon","classId":1,"probability":100,"points":[5124.8,1262.5,5165.7,1281.2,5191.3,1311.9,5187.8,1357.9,5158.9,1381.7,5124.8,1363,5123.1,1271],"groupId":0,"pointLabels":{},"locked":false,"visible":true,"attributes":[],"className":"Downy mildew"},{"type":"polygon","classId":1,"probability":100,"points":[3137.4,1899.8,3137.4,1947.1,3094.9,1951.8,3064.1,1947.1,3047.6,1906.9,3080.7,1869,3106.7,1859.5,3139.8,1869,3139.8,1890.3],"groupId":0,"pointLabels":{},"locked":false,"visible":true,"attributes":[],"className":"Downy mildew"}],"tags":[],"metadata":{"version":"1.0.0","name":"_DSC4609.JPG","status":"Completed"}}