{"instances":[{"type":"polygon","classId":1,"probability":100,"points":[3489.2,2092.2,3473.1,2104.3,3449.5,2109,3436.1,2105.6,3428,2105.6,3426.7,2115.7,3417.9,2111.7,3419.3,2104.3,3421.3,2100.9,3419.3,2078,3429.4,2059.9,3446.8,2044.4,3492.6,2068,3489.2,2091.5],"groupId":0,"pointLabels":{},"locked":false,"visible":true,"attributes":[],"className":"Downy mildew"},{"type":"polygon","classId":1,"probability":100,"points":[4213.1,1454.4,4219.7,1444.5,4194.4,1438.9,4152.5,1456.6,4134.9,1485.2,4140.4,1527.1,4145.9,1543.6,4180.1,1538.1,4218.6,1521.6,4235.2,1470.9,4239.6,1463.2,4217.5,1455.5],"groupId":0,"pointLabels":{},"locked":false,"visible":true,"attributes":[],"className":"Downy mildew"},{"type":"polygon","classId":1,"probability":100,"points":[2707.4,1809.2,2657.9,1806.1,2623.9,1787.5,2613,1758.9,2624.6,1744.2,2663.3,1750.4,2680.3,1762.8,2685,1768.2,2706.6,1782.9,2708.9,1807.6],"groupId":0,"pointLabels":{},"locked":false,"visible":true,"attributes":[],"className":"Downy mildew"}],"tags":[],"metadata":{"version":"1.0.0","name":"_DSC4822.JPG","status":"Completed"}}