{"instances":[{"type":"polygon","classId":1,"probability":100,"points":[2908.9,3238.8,2857.5,3127.1,2759.2,3121.8,2762.7,3227.3,2818.5,3290.2,2908.9,3238.8],"groupId":0,"pointLabels":{},"locked":false,"visible":true,"attributes":[],"className":"Downy mildew"},{"type":"polygon","classId":1,"probability":100,"points":[538.3,1992.8,582,1956.3,580.6,1944.8,539.7,1953.4,534.7,1973.5,537.5,1992.1],"groupId":0,"pointLabels":{},"locked":false,"visible":true,"attributes":[],"className":"Downy mildew"},{"type":"polygon","classId":1,"probability":100,"points":[556.2,2000.7,586.3,1975.6,594.9,2031.6,559.8,2015.8,556.2,2001.5],"groupId":0,"pointLabels":{},"locked":false,"visible":true,"attributes":[],"className":"Downy mildew"},{"type":"polygon","classId":1,"probability":100,"points":[608.2,1957.9,626.1,2051.7,666.3,2059.1,683.4,2053.9,673.7,2027.9,651.4,1997.4,609,1959.4],"groupId":0,"pointLabels":{},"locked":false,"visible":true,"attributes":[],"className":"Downy mildew"},{"type":"polygon","classId":1,"probability":100,"points":[490.4,2058,537.9,2017.1,525.4,2063.1,489.6,2059.9],"groupId":0,"pointLabels":{},"locked":false,"visible":true,"attributes":[],"className":"Downy mildew"},{"type":"polygon","classId":1,"probability":100,"points":[477.79998779296875,2044.9000244140625,526.0999755859375,2005.5999755859375,503.8,2000.9,460.2,2006.5,457.4,2007.4,454.7,2010.2,412,2025.1,472,2050.60009765625],"groupId":0,"pointLabels":{},"locked":false,"visible":true,"attributes":[],"className":"Downy mildew"},{"type":"polygon","classId":1,"probability":100,"points":[5315.4,1357,5424.3,1294.8,5366.8,1189,5292.1,1157.9,5191,1301,5189.5,1324.3,5237.7,1344.5,5271.89990234375,1344.5,5317,1364.8],"groupId":0,"pointLabels":{},"locked":false,"visible":true,"attributes":[],"className":"Downy mildew"},{"type":"polygon","classId":1,"probability":100,"points":[2104,2131.5,2217.5,2124.1,2227.4,2025.4,2111.4,1946.4,2067,1934.1,2039.9,2018,2030,2064.8,2086.7,2126.5,2094.1,2129],"groupId":0,"pointLabels":{},"locked":false,"visible":true,"attributes":[],"className":"Downy mildew"},{"type":"polygon","classId":1,"probability":100,"points":[2627.1,2136.9,2757,2189.7,2840.7,2143.5,2875.9,2057.6,2805.4,1978.3,2794.4,1969.5,2737.2,1945.3,2697.5,1949.7,2620.5,1993.7,2605.1,2024.6,2616.1,2130.3],"groupId":0,"pointLabels":{},"locked":false,"visible":true,"attributes":[],"className":"Downy mildew"},{"type":"polygon","classId":1,"probability":100,"points":[1918.5,2124.9,1921.3,2116.8,1913.1,2040.6,1845.1,1972.6,1812.5,1964.4,1804.3,1964.4,1804.3,1967.2,1788,1972.6,1779.8,1972.6,1700.9,1988.9,1649.3,2021.6,1643.8,2073.2,1654.7,2122.2,1722.7,2124.9,1730.9,2119.5,1904.9,2130.4],"groupId":0,"pointLabels":{},"locked":false,"visible":true,"attributes":[],"className":"Downy mildew"},{"type":"polygon","classId":1,"probability":100,"points":[1380.5,1132.6,1410.4,1135.3,1413.1,1091.8,1385.9,1064.6,1312.5,1075.5,1312.5,1146.2,1377.8,1132.6],"groupId":0,"pointLabels":{},"locked":false,"visible":true,"attributes":[],"className":"Downy mildew"}],"tags":[],"metadata":{"version":"1.0.0","name":"_DSC4790.JPG","status":"Completed"}}