{"instances":[{"type":"polygon","classId":1,"probability":100,"points":[0,2057.1,91,2053.5,129.8,2082.9,160.4,2130,162.8,2131.1,155.7,2160.5,153.4,2164.1,148.7,2167.6,116.9,2212.3,46.4,2254.6,0,2269.9,0,2059.4],"groupId":0,"pointLabels":{},"locked":false,"visible":true,"attributes":[],"className":"Downy mildew"},{"type":"polygon","classId":1,"probability":100,"points":[2645.1,1594.7,2630.9,1710.6,2683,1767.4,2687.7,1769.7,2796.5,1786.3,2905.3,1774.5,2893.5,1687,2891.1,1679.9,2827.3,1627.8,2742.1,1594.7,2654.6,1587.6],"groupId":0,"pointLabels":{},"locked":false,"visible":true,"attributes":[],"className":"Downy mildew"},{"type":"polygon","classId":1,"probability":100,"points":[3219.9,1306.2,3305,1254.1,3331.1,1178.4,3305,1119.3,3257.7,1090.9,3205.7,1105.1,3212.8,1187.9,3179.7,1230.5,3144.2,1284.9,3182,1325.1,3215.2,1306.2],"groupId":0,"pointLabels":{},"locked":false,"visible":true,"attributes":[],"className":"Downy mildew"}],"tags":[],"metadata":{"version":"1.0.0","name":"_DSC4789.JPG","status":"Completed"}}