{"instances":[{"type":"polygon","classId":1,"probability":100,"points":[3034.5,1901.2,3050.2,1912.1,3095.6,1879.2,3097.2,1852.6,3059.60009765625,1822,3035.3,1804.8,3025.9,1828.3,3020.4,1867.5,3033.7,1899.6],"groupId":0,"pointLabels":{},"locked":false,"visible":true,"attributes":[],"className":"Downy mildew"},{"type":"polygon","classId":1,"probability":100,"points":[894,2371.1,888,2273.2,863.9,2220.5,863.9,2182.9,866.9,2179.8,872.9,2178.3,909.1,2191.9,931.7,2214.5,931.7,2216,933.2,2216,948.2,2250.6,948.2,2307.8,928.7,2351.5,900,2375.6],"groupId":0,"pointLabels":{},"locked":false,"visible":true,"attributes":[],"className":"Downy mildew"},{"type":"polygon","classId":1,"probability":100,"points":[668.5,1955.1,657.3,1994.9,629.7,2022.5,629.7,2025.6,634.8,2042,650.1,2050.2,689,2054.2,727.8,2024.6,725.8,1996,709.4,1972.4,690,1978.6,686.9,1972.4,697.2,1959.1,670.6,1954],"groupId":0,"pointLabels":{},"locked":false,"visible":true,"attributes":[],"className":"Downy mildew"},{"type":"polygon","classId":1,"probability":100,"points":[5195.7998046875,1541,5174.39990234375,1578.0999755859375,5182.8,1600.4,5207.8,1598.5,5228.2,1585.6,5228.2,1580,5232.9,1560.5,5227.3,1539.2,5211.5,1534.5],"groupId":0,"pointLabels":{},"locked":false,"visible":true,"attributes":[],"className":"Downy mildew"},{"type":"polygon","classId":1,"probability":100,"points":[1949.5,795.5,1973.8,801.9,2007.1,786.6,2003.2,744.3,1963.5,727.7000122070312,1940.5,744.3,1930.3,750.7,1946.9,795.5],"groupId":0,"pointLabels":{},"locked":false,"visible":true,"attributes":[],"className":"Downy mildew"},{"type":"polygon","classId":1,"probability":100,"points":[2634.9,2472.7,2615,2545.3,2569.3,2565.3,2522.4,2523.1,2509.5,2466.8,2529.5,2453.9,2592.7,2458.6,2636.1,2470.3],"groupId":0,"pointLabels":{},"locked":false,"visible":true,"attributes":[],"className":"Downy mildew"}],"tags":[],"metadata":{"version":"1.0.0","name":"_DSC4601.JPG","status":"Completed"}}