{"instances":[{"type":"polygon","classId":1,"probability":100,"points":[4926,2816.5,4875.2,2811.8,4848.2,2749.9,4870.4,2692.8,4954.5,2694.4,5002.1,2746.8,4971.9,2800.7,4935.5,2819.7],"groupId":0,"pointLabels":{},"locked":false,"visible":true,"attributes":[],"className":"Downy mildew"},{"type":"polygon","classId":1,"probability":100,"points":[2221.8,1609.7,2221.8,1607,2313,1525.3,2357.9,1552.5,2338.9,1650.5,2283.1,1737.7,2259.9,1755.4,2223.2,1665.5,2220.4,1613.8],"groupId":0,"pointLabels":{},"locked":false,"visible":true,"attributes":[],"className":"Downy mildew"},{"type":"polygon","classId":1,"probability":100,"points":[2282,1547,2211.9,1591.2,2202.3,1586.9,2179.8,1579.9,2145.2,1525.4,2142.6,1518.4,2126.1,1489,2136.5,1478.6,2153.8,1476.8,2150.4,1463.8,2143.4,1451.7,2152.1,1438.7,2197.1,1449.1,2253.4,1482,2285.5,1541,2285.5,1546.2],"groupId":0,"pointLabels":{},"locked":false,"visible":true,"attributes":[],"className":"Downy mildew"},{"type":"polygon","classId":1,"probability":100,"points":[2316.3,1739.2,2375.1,1733.3,2435.1,1743.9,2461,1743.9,2464.5,1719.2,2443.3,1672.2,2398.6,1632.2,2356.3,1640.4,2356.3,1641.6,2324.5,1668.7,2297.5,1713.4,2314,1734.5],"groupId":0,"pointLabels":{},"locked":false,"visible":true,"attributes":[],"className":"Downy mildew"}],"tags":[],"metadata":{"version":"1.0.0","name":"_DSC4753.JPG","status":"Completed"}}