{"instances":[{"type":"polygon","classId":1,"probability":100,"points":[3146.3,2299.3,3164.7,2269.7,3200.1,2274.7,3208.5,2285.5,3203.9,2325.8,3181.6,2343.9,3152.4,2331.2,3140.1,2319.3,3145.5,2299.7],"groupId":0,"pointLabels":{},"locked":false,"visible":true,"attributes":[],"className":"Downy mildew"},{"type":"polygon","classId":1,"probability":100,"points":[4468.8,2353.1,4495.1,2357.6,4499.6,2355.3,4521.4,2334.3,4522.2,2332.8,4521.4,2299.8,4500.4,2285.5,4493.6,2285.5,4447.8,2290.8,4420,2307.3,4418.5,2309.5,4417.8,2335.8,4418.5,2337.3,4469.6,2353.1],"groupId":0,"pointLabels":{},"locked":false,"visible":true,"attributes":[],"className":"Downy mildew"},{"type":"polygon","classId":1,"probability":100,"points":[2784.9,1599.9,2723.5,1611.2,2707.2,1641.8,2714.3,1679.7,2738.9,1699.1,2764.4,1704.2,2805.3,1693,2828.9,1667.4,2811.5,1625.5,2781.8,1595.8],"groupId":0,"pointLabels":{},"locked":false,"visible":true,"attributes":[],"className":"Downy mildew"}],"tags":[],"metadata":{"version":"1.0.0","name":"_DSC4777.JPG","status":"Completed"}}