{"instances":[{"type":"polygon","classId":1,"probability":100,"points":[2864,1669.7,2836,1673.6,2808.9,1683.3,2807.9,1697.8,2787.6,1715.2,2806.9,1736.5,2816.6,1731.7,2815.6,1730.7,2816.6,1717.1,2842.7,1698.8,2861.1,1688.1,2863,1668.8],"groupId":0,"pointLabels":{},"locked":false,"visible":true,"attributes":[],"className":"Downy mildew"},{"type":"polygon","classId":1,"probability":100,"points":[4796,599.5,4769.3,593.4,4760.1,589.3,4746.8,601.6,4734.5,593.4,4720.1,601.6,4709.8,611.9,4730.4,625.2,4744.7,638.5,4762.2,641.6,4779.6,624.2,4795,603.6],"groupId":0,"pointLabels":{},"locked":false,"visible":true,"attributes":[],"className":"Downy mildew"},{"type":"polygon","classId":1,"probability":100,"points":[5270.4,973.8,5200.7,988.3,5188.1,984.5,5209.4,952.5,5244.2,932.2,5266.5,927.4,5275.2,940.9,5270.4,970],"groupId":0,"pointLabels":{},"locked":false,"visible":true,"attributes":[],"className":"Downy mildew"},{"type":"polygon","classId":1,"probability":100,"points":[3393.9,943.5,3444.8,944.2,3445.5,1009.7,3428.6,991.3,3421.2,997.2,3397.6,985.4,3393.9,965.6,3391.7,944.2],"groupId":0,"pointLabels":{},"locked":false,"visible":true,"attributes":[],"className":"Downy mildew"},{"type":"polygon","classId":1,"probability":100,"points":[4063.4,724.3,4069.6,819.4,4026.3,826.4,4021.7,826.4,3983,814,3932,760.6,3924.2,744.4,4066.5,720.4],"groupId":0,"pointLabels":{},"locked":false,"visible":true,"attributes":[],"className":"Downy mildew"},{"type":"polygon","classId":1,"probability":100,"points":[3887.4,647.4,3845.5,728.3,3781.7,737.6,3752.1,739.2,3749,722.1,3769.2,667.6,3803.5,635,3833,614.8,3862.6,624.1,3885.9,642.7],"groupId":0,"pointLabels":{},"locked":false,"visible":true,"attributes":[],"className":"Downy mildew"},{"type":"polygon","classId":1,"probability":100,"points":[1400.9,1378.9,1456,1353.1,1466.7,1334.5,1497.8,1350.5,1500.5,1350.5,1504.9000244140625,1354,1509.4,1354,1511.2,1366.5,1511.2,1392.3,1497.8,1397.6,1493.4,1417.2,1487.2,1429.6,1474.7,1426.9,1446.3,1431.4,1421.4,1427.8,1409.8,1418,1392.9,1415.4,1385.8,1406.5,1392.9,1379.8,1400,1382.5],"groupId":0,"pointLabels":{},"locked":false,"visible":true,"attributes":[],"className":"Downy mildew"},{"type":"polygon","classId":1,"probability":100,"points":[2080.9,2947.1,2100.4,2901.5,2080.9,2851.5,2022.2,2842.8,1980.9,2884.1,1978.7,2942.8,2011.3,2960.2,2063.5,2966.7,2085.2,2947.1],"groupId":0,"pointLabels":{},"locked":false,"visible":true,"attributes":[],"className":"Downy mildew"}],"tags":[],"metadata":{"version":"1.0.0","name":"_DSC4635.JPG","status":"Completed"}}