{"instances":[{"type":"polygon","classId":1,"probability":100,"points":[2798.5,817.9,2720.3,901.1,2713.4,936.7,2747,983.2,2790.6,949.6,2791.6,880.3,2798.5,821.9],"groupId":0,"pointLabels":{},"locked":false,"visible":true,"attributes":[],"className":"Downy mildew"},{"type":"polygon","classId":1,"probability":100,"points":[2678.2,775.2,2642,808.2,2649.5,853.9,2692,875.1,2742,837.9,2744.1,808.2,2722.8,786.9,2680.3,776.3],"groupId":0,"pointLabels":{},"locked":false,"visible":true,"attributes":[],"className":"Downy mildew"},{"type":"polygon","classId":1,"probability":100,"points":[2809.7,785.7,2803.6,779.6,2733.5,670.9,2765,663.8,2766,664.8,2781.3,649.6,2815.8,652.6,2846.3,650.6,2871.7,665.9,2863.6,692.3,2812.8,785.7],"groupId":0,"pointLabels":{},"locked":false,"visible":true,"attributes":[],"className":"Downy mildew"},{"type":"polygon","classId":1,"probability":100,"points":[2723.4,667.9,2673.6,682.1,2628.9,700.4,2585.2,641.5,2619.7,631.3,2589.3,556.1,2665.5,601.8,2675.6,628.3,2714.2,650.6,2720.3,660.8,2720.3,669.9],"groupId":0,"pointLabels":{},"locked":false,"visible":true,"attributes":[],"className":"Downy mildew"},{"type":"polygon","classId":1,"probability":100,"points":[3301.9,1793.6,3299.1,1790.7,3303.4,1850.4,3230.9,1905.8,3243.7,1836.2,3265,1800.7,3290.6,1790.7,3296.3,1790.7],"groupId":0,"pointLabels":{},"locked":false,"visible":true,"attributes":[],"className":"Downy mildew"},{"type":"polygon","classId":1,"probability":100,"points":[2156.6,575.1,2206.5,551.3,2249.3,554.9,2250.5,562,2264.7,595.3,2268.3,622.6,2238.6,636.8,2217.2,622.6,2191.10009765625,617.7999877929688,2168.5,629.7,2165,601.2,2155.5,576.2],"groupId":0,"pointLabels":{},"locked":false,"visible":true,"attributes":[],"className":"Downy mildew"},{"type":"polygon","classId":1,"probability":100,"points":[2516.4,391.6,2627.9,362.2,2679.3,467.8,2645.5,500.1,2578,535.3,2515,517.7,2494.4,451.7,2510.6,394.5],"groupId":0,"pointLabels":{},"locked":false,"visible":true,"attributes":[],"className":"Downy mildew"},{"type":"polygon","classId":1,"probability":100,"points":[2913.4,1960.5,3088.6,1956.4,3056,2025.7,3015.3,2019.5,2952.2,2050.1,2862.5,2048.1,2876.8,1962.5,2907.3,1956.4],"groupId":0,"pointLabels":{},"locked":false,"visible":true,"attributes":[],"className":"Downy mildew"},{"type":"polygon","classId":1,"probability":100,"points":[756.4000244140625,891.2999877929688,855.6,853.7,872.1,818.7,791.9,789.9,697.3,804.3,672.6,818.7,734.2000122070312,873.7999877929688,742.5,882.5],"groupId":0,"pointLabels":{},"locked":false,"visible":true,"attributes":[],"className":"Downy mildew"}],"tags":[],"metadata":{"version":"1.0.0","name":"_DSC4698.JPG","status":"Completed"}}