{"instances":[{"type":"polygon","classId":1,"probability":100,"points":[2744.5,373.7,2737.2,408.1,2695.5,460.2,2703.8,419.5,2688.2,400.8,2675.7,378.9,2659,337.2,2660.1,308,2709.1,299.6,2704.9,314.2,2698.6,345.5,2711.1,358,2739.3,372.6],"groupId":0,"pointLabels":{},"locked":false,"visible":true,"attributes":[],"className":"Downy mildew"},{"type":"polygon","classId":1,"probability":100,"points":[2682.6,815.3,2571.7,811.2,2555.6,756.6,2586.1,712.3,2632,707.5,2667.3,717.2,2712.4,732.4,2730.9,754.2,2679.4,817.7],"groupId":0,"pointLabels":{},"locked":false,"visible":true,"attributes":[],"className":"Downy mildew"},{"type":"polygon","classId":1,"probability":100,"points":[2399.9,463.2,2373.9,464,2346.199951171875,483.1000061035156,2329.7,503,2343.6,522.1,2360.9,529,2386,526.4,2400.7,503.9,2398.1,461.4],"groupId":0,"pointLabels":{},"locked":false,"visible":true,"attributes":[],"className":"Downy mildew"},{"type":"polygon","classId":1,"probability":100,"points":[2518.6,1052.2,2436.5,1035.4,2373.4,1079.6,2360.8,1140.6,2383.9,1189,2421.8,1197.4,2472.3,1191.1,2518.6,1155.3,2535.4,1113.2,2520.7,1058.5],"groupId":0,"pointLabels":{},"locked":false,"visible":true,"attributes":[],"className":"Downy mildew"}],"tags":[],"metadata":{"version":"1.0.0","name":"_DSC4718.JPG","status":"Completed"}}