{"instances":[{"type":"polygon","classId":1,"probability":100,"points":[2247.4,853.5,2266.7,851.9,2276,838,2268.3,830.3,2249.7,826.4,2239.7,832.6,2234.3,843.4,2245.1,852.7],"groupId":0,"pointLabels":{},"locked":false,"visible":true,"attributes":[],"className":"Downy mildew"},{"type":"polygon","classId":1,"probability":100,"points":[5256.1,2216.2,5264.6,2207.5,5279.1,2203.5,5294.2,2205.3,5290,2217.4,5280.6,2227.1,5262.5,2222.9,5256.7,2215.9],"groupId":0,"pointLabels":{},"locked":false,"visible":true,"attributes":[],"className":"Downy mildew"},{"type":"polygon","classId":1,"probability":100,"points":[5325.5,2212.4,5302.5,2241.7,5282.9,2222.9,5304.5,2206.8,5326.2,2213.1],"groupId":0,"pointLabels":{},"locked":false,"visible":true,"attributes":[],"className":"Downy mildew"},{"type":"polygon","classId":1,"probability":100,"points":[5226.4,2221.4,5200.1,2220.7,5190.1,2202.1,5189.3,2200.5,5194,2184.3,5201.7,2172.7,5232.6,2176.6,5247.3,2191.3,5250.4,2212.1,5243.4,2219.9,5225.7,2226.1],"groupId":0,"pointLabels":{},"locked":false,"visible":true,"attributes":[],"className":"Downy mildew"},{"type":"polygon","classId":1,"probability":100,"points":[1479.4,2066.8,1474.6,2151.8,1443.7,2163.5,1430,2105.9,1414.3,2068.2,1428.7,2060,1456.1,2062,1456.1,2062.7,1477.3,2063.4],"groupId":0,"pointLabels":{},"locked":false,"visible":true,"attributes":[],"className":"Downy mildew"},{"type":"polygon","classId":1,"probability":100,"points":[3641.3,1289.1,3679.6,1285.1,3677.6,1343.6,3655.4,1352.3,3652,1352.3,3600.9,1321.4,3602.9,1307.3,3617.1,1289.1,3621.1,1281,3641.9,1289.8],"groupId":0,"pointLabels":{},"locked":false,"visible":true,"attributes":[],"className":"Downy mildew"},{"type":"polygon","classId":1,"probability":100,"points":[2955.3,2624,2936.6,2659.8,2858.9,2611.5,2844.9,2535.3,2868.2,2529.1,2885.3,2512,2874.4,2485.6,2933.5,2456,2984.9,2498,2991.1,2508.9,3022.2,2547.8,3026.8,2577.3,2961.5,2620.9],"groupId":0,"pointLabels":{},"locked":false,"visible":true,"attributes":[],"className":"Downy mildew"}],"tags":[],"metadata":{"version":"1.0.0","name":"_DSC4581.JPG","status":"Completed"}}