{"instances":[{"type":"polygon","classId":1,"probability":100,"points":[1839.6,2761.5,1853.2,2791.5,1831.4,2818,1815.8,2809.9,1813,2803,1821.2,2773.1,1836.2,2760.1],"groupId":0,"pointLabels":{},"locked":false,"visible":true,"attributes":[],"className":"Downy mildew"},{"type":"polygon","classId":1,"probability":100,"points":[2254.4,1813.3,2279.8,1812.7,2328.1,1824.8,2350.5,1839.9,2357.1,1853.1,2352.3,1871.3,2345.6,1879.1,2313,1873.1,2278.6,1840.5,2262.3,1834.4,2261.7,1833.2,2256.8,1830.8,2253.2,1815.7],"groupId":0,"pointLabels":{},"locked":false,"visible":true,"attributes":[],"className":"Downy mildew"},{"type":"polygon","classId":1,"probability":100,"points":[159.1,1429.7,156.8,1388.5,195.6,1382.6,188.5,1354.4,152.1,1333.3,119.2,1334.4,74.5,1352.1,36.8,1392,36.8,1401.5,66.2,1396.8,112.1,1383.8,121.5,1412,146.2,1429.7,156.8,1432],"groupId":0,"pointLabels":{},"locked":false,"visible":true,"attributes":[],"className":"Downy mildew"}],"tags":[],"metadata":{"version":"1.0.0","name":"_DSC4738.JPG","status":"Completed"}}