{"instances":[{"type":"polygon","classId":1,"probability":100,"points":[133.9,653,218.7,653,246.2,635.5,251.8,663.6,244.3,685.4,239.3,689.1,233.1,697.3,231.2,698.5,216.8,697.3,207.5,682.3,176.9,677.9,133.9,654.8],"groupId":0,"pointLabels":{},"locked":false,"visible":true,"attributes":[],"className":"Downy mildew"},{"type":"polygon","classId":1,"probability":100,"points":[235.6,618,221.8,633,175,641.1,140.1,633.6,132.6,613.6,147,579.3,166.9,567.5,175,567.5,191.3,576.8,219.3,579.3,236.8,616.1],"groupId":0,"pointLabels":{},"locked":false,"visible":true,"attributes":[],"className":"Downy mildew"},{"type":"polygon","classId":1,"probability":100,"points":[627.1,933.4,747.9,892.2,692.4,842.6,642.1,844.6,585.3,889.6,597.7,909.9,624.5,930.1],"groupId":0,"pointLabels":{},"locked":false,"visible":true,"attributes":[],"className":"Downy mildew"},{"type":"polygon","classId":1,"probability":100,"points":[682.3,802.8,762.1,870.2,825.9,846.2,848.9,854.2,859.6,833.8,870.2,799.3,768.3,782.4,710.7,782.4,681.4,801],"groupId":0,"pointLabels":{},"locked":false,"visible":true,"attributes":[],"className":"Downy mildew"},{"type":"polygon","classId":1,"probability":100,"points":[2792.3,808.5,2725.9,889.4,2754.9,909.7,2755.4,910.8,2781.6,927.9,2798.2,857.2,2793.4,809],"groupId":0,"pointLabels":{},"locked":false,"visible":true,"attributes":[],"className":"Downy mildew"},{"type":"polygon","classId":1,"probability":100,"points":[2812.9,773,2723.5,656.3,2782.6,675.5,2783.4,629.2,2836.1,642.8,2886.4,639.6,2886.4,642,2882.4,650,2812.1,773.8],"groupId":0,"pointLabels":{},"locked":false,"visible":true,"attributes":[],"className":"Downy mildew"},{"type":"polygon","classId":1,"probability":100,"points":[2625,619.5,2597,637.5,2607.8,678.9,2628.6,689.7,2675.4,675.3,2699.7,639.3,2672.7,619.5,2664.6,590.6,2643.9,571.7,2603.3,549.2,2587.1,542.9,2596.1,578.9,2625.9,620.4],"groupId":0,"pointLabels":{},"locked":false,"visible":true,"attributes":[],"className":"Downy mildew"},{"type":"polygon","classId":1,"probability":100,"points":[2686.7,763.5,2647.2,793.7,2643.1,826.9,2670.1,836.3,2703.4,842.5,2725.2,807.2,2694,761.5,2688.8,762.5],"groupId":0,"pointLabels":{},"locked":false,"visible":true,"attributes":[],"className":"Downy mildew"},{"type":"polygon","classId":1,"probability":100,"points":[2521,374.6,2599,353,2638.5,350.6,2676.9,450.2,2666.1,477.7,2576.2,516.1,2529.4,513.7,2525.8,510.1,2500.6,465.8,2497,426.2,2518.6,375.8],"groupId":0,"pointLabels":{},"locked":false,"visible":true,"attributes":[],"className":"Downy mildew"},{"type":"polygon","classId":1,"probability":100,"points":[3225.6,1879,3292,1829.3,3292,1767.3,3262.8,1780.6,3238,1829.3,3218.5,1879,3222.9,1879],"groupId":0,"pointLabels":{},"locked":false,"visible":true,"attributes":[],"className":"Downy mildew"},{"type":"polygon","classId":1,"probability":100,"points":[3054.2,2010.8,3084.7,1940.2,2886,1934.3,2860.1,2008.4,2878.9,2024.9,2921.3,2024.9,2993,1990.8,3054.2,2009.6],"groupId":0,"pointLabels":{},"locked":false,"visible":true,"attributes":[],"className":"Downy mildew"}],"tags":[],"metadata":{"version":"1.0.0","name":"_DSC4699.JPG","status":"Completed"}}