{"instances":[{"type":"polygon","classId":1,"probability":100,"points":[624,1518.3,598.4,1553.3,651.1,1548.6,640.3,1529.2,627.1,1516.8],"groupId":0,"pointLabels":{},"locked":false,"visible":true,"attributes":[],"className":"Downy mildew"},{"type":"polygon","classId":1,"probability":100,"points":[580.5,1582,655.8,1576.5,658.9,1609.1,613.9,1646.4,536.3,1642.5,579,1580.4],"groupId":0,"pointLabels":{},"locked":false,"visible":true,"attributes":[],"className":"Downy mildew"},{"type":"polygon","classId":1,"probability":100,"points":[594.8,1509.1,562.3,1558.2,504.1,1561.7,489.6,1549.9,515.9,1522.2,552.6,1500.7,593.4,1507],"groupId":0,"pointLabels":{},"locked":false,"visible":true,"attributes":[],"className":"Downy mildew"},{"type":"polygon","classId":1,"probability":100,"points":[389.4,1506.4,481,1492,517.6,1500.8,518.4,1512,459.5,1544.6,454.7,1544.6,436.4,1548.6,393.4,1539.8,379.9,1514.3,393.4,1507.2],"groupId":0,"pointLabels":{},"locked":false,"visible":true,"attributes":[],"className":"Downy mildew"},{"type":"polygon","classId":1,"probability":100,"points":[644,1432.3,619.9,1475,479.5,1473.1,459.1,1450.2,482,1422.3,523.5,1408.7,587,1414.7,638.7,1429.9,644.6,1428.2],"groupId":0,"pointLabels":{},"locked":false,"visible":true,"attributes":[],"className":"Downy mildew"},{"type":"polygon","classId":1,"probability":100,"points":[2911.7,3041.6,2936.3,3043.1,2950.5,3036.3,2952.7,3043.8,2969.8,3029.6,2972.1,3025.9,2975.1,3041.6,2976.6,3057.2,2988.5,3059.5,2990.7,3069.2,2998.2,3076.6,3001.9,3084.8,3007.9,3086.3,3046.7,3039.3,3069.1,2988.6,3065.4,2920,3050.4,2871.5,3001.9,2839.4,2996,2839.4,2914.6,2828.2,2846.7,2840.9,2802,2888.6,2799,2890.1,2778.1,2917.7,2825.8,2893.1,2832.6,2905,2854.9,2886.4,2879.6,2873.7,2884,2904.3,2898.2,2948.3,2900.5,2961,2893,2978.2,2899.7,2982.6,2893,3008,2910.9,3040.8],"groupId":0,"pointLabels":{},"locked":false,"visible":true,"attributes":[],"className":"Downy mildew"},{"type":"polygon","classId":1,"probability":100,"points":[1050.4,1628.6,1021.1,1669.4,1038.8,1712.6,1075.1,1737.2,1131.3,1738,1166.8,1714.9,1168.3,1705.6,1143.6,1667.1,1124.4,1670.2,1051.2,1627.8],"groupId":0,"pointLabels":{},"locked":false,"visible":true,"attributes":[],"className":"Downy mildew"},{"type":"polygon","classId":1,"probability":100,"points":[851,1562.6,846.6,1600.9,875,1610.7,913.3,1636.4,965.7,1638.2,983.5,1604.4,969.3,1587.5,912.4,1554.6,851,1560.9],"groupId":0,"pointLabels":{},"locked":false,"visible":true,"attributes":[],"className":"Downy mildew"}],"tags":[],"metadata":{"version":"1.0.0","name":"_DSC4813.JPG","status":"Completed"}}