{"instances":[{"type":"polygon","classId":1,"probability":100,"points":[783.5,2307.4,822.1,2310.3,906.8,2275.2,911.5,2232,837.9,2194.5,783.5,2191.6,782.9,2255.9,784.7,2304.4],"groupId":0,"pointLabels":{},"locked":false,"visible":true,"attributes":[],"className":"Downy mildew"},{"type":"polygon","classId":1,"probability":100,"points":[2126.7,1676.8,2223.2,1729.7,2225.5,1729.7,2276.1,1675.6,2250.2,1625.1,2197.3,1586.3,2198.5,1585.1,2143.2,1588.6,2117.3,1613.3,2096.2,1656.8,2124.4,1674.5],"groupId":0,"pointLabels":{},"locked":false,"visible":true,"attributes":[],"className":"Downy mildew"}],"tags":[],"metadata":{"version":"1.0.0","name":"_DSC4774.JPG","status":"Completed"}}