{"instances":[{"type":"polygon","classId":1,"probability":100,"points":[4832.4,2818.9,4816.2,2784.6,4807.5,2746.3,4808.2,2729.5,4831.7,2737.6,4849.2,2766.5,4857.9,2778.6,4857.9,2780.6,4868,2806.8,4872.7,2826.3,4858.6,2829.7,4833.7,2820.3],"groupId":0,"pointLabels":{},"locked":false,"visible":true,"attributes":[],"className":"Downy mildew"},{"type":"polygon","classId":1,"probability":100,"points":[1895.3,2062.2,1972.7,2047.1,1961.5,2030.4,1945.9,2017.6,1937.6,2009.3,1914.7,2019.3,1895.8,2061.6],"groupId":0,"pointLabels":{},"locked":false,"visible":true,"attributes":[],"className":"Downy mildew"},{"type":"polygon","classId":1,"probability":100,"points":[1969.3,2060,1899.7,2076.1,1910.8,2099.5,1928.7,2108.4,1948.7,2108.4,1969.9,2088.9,1968.8,2063.3],"groupId":0,"pointLabels":{},"locked":false,"visible":true,"attributes":[],"className":"Downy mildew"},{"type":"polygon","classId":1,"probability":100,"points":[2276.6,1777.8,2269.5,1713.1,2256.6,1688.4,2209.6,1673.1,2170.8,1668.4,2159,1680.2,2159,1682.5,2188.4,1710.7,2221.3,1762.5,2282.5,1775.4],"groupId":0,"pointLabels":{},"locked":false,"visible":true,"attributes":[],"className":"Downy mildew"}],"tags":[],"metadata":{"version":"1.0.0","name":"_DSC4762.JPG","status":"Completed"}}