{"instances":[{"type":"polygon","classId":1,"probability":100,"points":[2677.3,1392.6,2608.1,1411.7,2570.5,1399.2,2555,1398,2549.1,1399.7,2544.3,1422.4,2536.6,1442.7,2534.2,1457.6,2535.4,1467.1,2552.7,1488,2580.7,1497.5,2621.2,1496.3,2675.5,1488.6,2677.9,1480.2,2677.9,1437.9,2675.5,1394.4],"groupId":0,"pointLabels":{},"locked":false,"visible":true,"attributes":[],"className":"Downy mildew"},{"type":"polygon","classId":1,"probability":100,"points":[362.8,2451.6,336.3,2464.1,323.1,2464.9,323.5,2453.2,324.6,2450.5,339.4,2436.8,356.9,2423.6,379.5,2422.4,362.8,2452],"groupId":0,"pointLabels":{},"locked":false,"visible":true,"attributes":[],"className":"Downy mildew"},{"type":"polygon","classId":1,"probability":100,"points":[881.2,2789.2,932.5,2784.7,982.8,2762.4,1009.6,2737.8,1006.2,2702.1,996.2,2666.4,972.7,2644,928.1,2632.9,892.4,2626.2,825.4,2669.7,829.8,2725.5,877.8,2788],"groupId":0,"pointLabels":{},"locked":false,"visible":true,"attributes":[],"className":"Downy mildew"}],"tags":[],"metadata":{"version":"1.0.0","name":"_DSC4793.JPG","status":"Completed"}}