{"instances":[{"type":"polygon","classId":1,"probability":100,"points":[2465.6,1357.2,2500,1350.7,2499.2,1332.6,2495.5,1319.1,2488.5,1315.4,2465.6,1319.9,2457.8,1326.9,2456.1,1342.9,2463.5,1357.6],"groupId":0,"pointLabels":{},"locked":false,"visible":true,"attributes":[],"className":"Downy mildew"},{"type":"polygon","classId":1,"probability":100,"points":[2265.6,1568,2345.1,1526.6,2314.5,1456.3,2278.9,1434.8,2276.4,1434.8,2228.4,1413.2,2210.2,1416.5,2216,1449.7,2199.4,1446.3,2230.9,1500.2,2259,1563.9,2265.6,1566.4],"groupId":0,"pointLabels":{},"locked":false,"visible":true,"attributes":[],"className":"Downy mildew"},{"type":"polygon","classId":1,"probability":100,"points":[2410.2,1710.2,2377.7,1665.6,2414.3,1611.5,2468.3,1606.1,2522.4,1673.7,2504.9,1708.9,2412.9,1710.2],"groupId":0,"pointLabels":{},"locked":false,"visible":true,"attributes":[],"className":"Downy mildew"}],"tags":[],"metadata":{"version":"1.0.0","name":"_DSC4755.JPG","status":"Completed"}}