{"instances":[{"type":"polygon","classId":1,"probability":100,"points":[3352.5,1163.2,3371,1159.4,3381,1149,3374.8,1142.5,3359.4,1137.9,3336,1138.3,3326,1142.9,3335.2,1155.2,3350.6,1162.5],"groupId":0,"pointLabels":{},"locked":false,"visible":true,"attributes":[],"className":"Downy mildew"},{"type":"polygon","classId":1,"probability":100,"points":[1260.8,1909.4,1258.8,1923,1244,1923.4,1232,1911,1232,1894.6,1246.8,1881.8,1256.7,1887.6,1259.2,1899.1,1259.2,1907.7],"groupId":0,"pointLabels":{},"locked":false,"visible":true,"attributes":[],"className":"Downy mildew"},{"type":"polygon","classId":1,"probability":100,"points":[1314.8,1792,1334.7,1786.2,1356.3,1761,1362.1,1740.6,1335.8,1727.7,1315.4,1742.9,1310.1,1744.7,1294.3,1756.4,1282.6,1772.7,1281.5,1787.4,1285.6,1793.8,1311.9,1793.2],"groupId":0,"pointLabels":{},"locked":false,"visible":true,"attributes":[],"className":"Downy mildew"},{"type":"polygon","classId":1,"probability":100,"points":[2125.3,2371,2156.6,2418.1,2168.8,2446,2181,2465.1,2264.7,2454.7,2303,2435.5,2327.4,2409.4,2299.5,2376.3,2203.7,2372.8,2128.7,2367.6],"groupId":0,"pointLabels":{},"locked":false,"visible":true,"attributes":[],"className":"Downy mildew"},{"type":"polygon","classId":1,"probability":100,"points":[1964,1544.9,2083.2,1611.4,2094.3,1711.3,2077.7,1725.1,1977.8,1775.1,1886.3,1752.9,1814.2,1661.3,1772.6,1567,1789.2,1531,1891.9,1519.9,1964,1539.3],"groupId":0,"pointLabels":{},"locked":false,"visible":true,"attributes":[],"className":"Downy mildew"},{"type":"polygon","classId":1,"probability":100,"points":[2861.5,1695,2836.9,1738,2877.9,1772.9,2957.9,1762.6,3009.1,1727.8,3033.7,1651.9,3029.6,1600.7,2982.5,1574,2968.1,1590.4,2941.5,1592.5,2931.2,1623.2,2912.8,1666.3,2863.6,1686.8],"groupId":0,"pointLabels":{},"locked":false,"visible":true,"attributes":[],"className":"Downy mildew"},{"type":"polygon","classId":1,"probability":100,"points":[2747.4,1840.1,2792.3,1848.8,2843,1883.5,2850.2,1921.1,2844.4,1966,2825.6,1970.4,2777.8,1950.1,2738.7,1916.8,2719.9,1893.6,2728.6,1863.2,2751.8,1841.5],"groupId":0,"pointLabels":{},"locked":false,"visible":true,"attributes":[],"className":"Downy mildew"}],"tags":[],"metadata":{"version":"1.0.0","name":"_DSC4567.JPG","status":"Completed"}}