{"instances":[{"type":"polygon","classId":1,"probability":100,"points":[2841.5,1858.6,2923.8,1848.8,2923.8,1833.1,2918.5,1799.8,2912,1767.2,2890.4,1748.3,2842.8,1762,2818.6,1773.7,2823.2,1802.5,2821.2,1828.6,2828.4,1852.1,2838.2,1858],"groupId":0,"pointLabels":{},"locked":false,"visible":true,"attributes":[],"className":"Downy mildew"},{"type":"polygon","classId":1,"probability":100,"points":[3297.9,719.9,3349.3,699.6,3353.4,667.2,3339.8,657.7,3307.4,661.8,3288.4,678,3280.3,701,3289.8,715.9,3292.5,715.9],"groupId":0,"pointLabels":{},"locked":false,"visible":true,"attributes":[],"className":"Downy mildew"},{"type":"polygon","classId":1,"probability":100,"points":[1686.3,1760,1644.3,1786.5,1571.2,1784.9,1523,1724.3,1544.8,1677.6,1614.8,1676.1,1635,1696.3,1666.1,1691.6,1689.4,1716.5,1695.6,1728.9,1689.4,1760],"groupId":0,"pointLabels":{},"locked":false,"visible":true,"attributes":[],"className":"Downy mildew"},{"type":"polygon","classId":1,"probability":100,"points":[4521.3,1664.7,4508.8,1691.4,4420,1671.8,4416.4,1629.2,4466.2,1606.1,4471.5,1609.6,4457.3,1627.4,4482.2,1645.2,4514.2,1661.2],"groupId":0,"pointLabels":{},"locked":false,"visible":true,"attributes":[],"className":"Downy mildew"},{"type":"polygon","classId":1,"probability":100,"points":[5162.8,1264.6,5304.7,1130.9,5187.5,1108.3,5154.6,1157.7,5136.1,1190.6,5148.4,1270.8,5156.6,1268.7],"groupId":0,"pointLabels":{},"locked":false,"visible":true,"attributes":[],"className":"Downy mildew"}],"tags":[],"metadata":{"version":"1.0.0","name":"_DSC4707.JPG","status":"Completed"}}