{"instances":[{"type":"polygon","classId":1,"probability":100,"points":[5102.3,666.6,5067.8,695.5,5014.4,698.8,4979.9,651,4985.4,624.3,5036.6,622,5087.8,641,5097.8,661],"groupId":0,"pointLabels":{},"locked":false,"visible":true,"attributes":[],"className":"Downy mildew"},{"type":"polygon","classId":1,"probability":100,"points":[810.2,2357.7,919.7,2350.9,919.7,2323.9,875.1,2294.1,837.2,2279.2,807.5,2322.5,808.8,2322.5,807.5,2349.6],"groupId":0,"pointLabels":{},"locked":false,"visible":true,"attributes":[],"className":"Downy mildew"},{"type":"polygon","classId":1,"probability":100,"points":[4448.7,748.9,4471.5,713.5,4513.1,695.4,4545.4,712.7,4529.6,744.2,4519.4,774.8,4473.8,803.1,4455.8,810.2,4440,788.2,4447.9,750.5],"groupId":0,"pointLabels":{},"locked":false,"visible":true,"attributes":[],"className":"Downy mildew"},{"type":"polygon","classId":1,"probability":100,"points":[4812.4,2071.6,4857,2102.7,4889.5,2148.7,4894.9,2190.6,4844.8,2204.1,4793.5,2201.4,4755.6,2166.3,4773.2,2104,4809.7,2071.6],"groupId":0,"pointLabels":{},"locked":false,"visible":true,"attributes":[],"className":"Downy mildew"},{"type":"polygon","classId":1,"probability":100,"points":[2989,2203.8,3062.6,2201.1,3050.1,2306.6,2840.5,2389.9,2809.9,2366.3,2871,2332.9,2873.8,2323.2,2930.7,2292.7,2972.4,2263.5,2989,2212.2],"groupId":0,"pointLabels":{},"locked":false,"visible":true,"attributes":[],"className":"Downy mildew"},{"type":"polygon","classId":1,"probability":100,"points":[2686.2,2251.4,2640,2220,2599.4,2227.4,2586.4,2227.4,2505.1,2166.4,2416.4,2103.6,2414.6,2094.4,2549.5,2111,2656.6,2155.3,2710.2,2212.6,2715.8,2223.7,2734.2,2244,2678.8,2253.3],"groupId":0,"pointLabels":{},"locked":false,"visible":true,"attributes":[],"className":"Downy mildew"},{"type":"polygon","classId":1,"probability":100,"points":[2613.9,2323.2,2568,2341.6,2524.6,2374.4,2510.2,2429.6,2528.6,2461.1,2582.4,2453.2,2615.2,2430.9,2645.5,2404.6,2665.2,2377,2661.2,2350.8],"groupId":0,"pointLabels":{},"locked":false,"visible":true,"attributes":[],"className":"Downy mildew"}],"tags":[],"metadata":{"version":"1.0.0","name":"_DSC4584.JPG","status":"Completed"}}