{"instances":[{"type":"polygon","classId":1,"probability":100,"points":[1509.1,1616.3,1560.6,1592.2,1566.9,1593.2,1562.7,1615.3,1546.9,1632.1,1530.1,1633.1,1517.5,1630,1508.1,1617.4],"groupId":0,"pointLabels":{},"locked":false,"visible":true,"attributes":[],"className":"Downy mildew"},{"type":"polygon","classId":1,"probability":100,"points":[1263.6,1574.2,1292,1578.8,1301.7,1595.8,1292.6,1605.5,1253.9,1608.9,1232.8,1616.4,1214.6,1619.2,1188.4,1617.5,1173.6,1614.1,1172.4,1610.1,1233.9,1597.6,1261.3,1574.8],"groupId":0,"pointLabels":{},"locked":false,"visible":true,"attributes":[],"className":"Downy mildew"},{"type":"polygon","classId":1,"probability":100,"points":[3418.8,2321.3,3432.9,2361,3432,2362.8,3405.5,2400.8,3397.6,2404.3,3372,2410.5,3336.6,2372.5,3336.6,2346.9,3374.6,2319.5,3419.7,2321.3],"groupId":0,"pointLabels":{},"locked":false,"visible":true,"attributes":[],"className":"Downy mildew"},{"type":"polygon","classId":1,"probability":100,"points":[2519.3,2929.8,2492.2,2943.9,2454.6,2947.4,2438.1,2935.7,2436.9,2903.9,2438.1,2903.9,2454.6,2879.2,2487.5,2865.1,2528.7,2878,2538.1,2893.3,2538.1,2912.1,2521.6,2927.4],"groupId":0,"pointLabels":{},"locked":false,"visible":true,"attributes":[],"className":"Downy mildew"}],"tags":[],"metadata":{"version":"1.0.0","name":"_DSC4577.JPG","status":"Completed"}}