{"instances":[{"type":"polygon","classId":1,"probability":100,"points":[766.3,2213.5,800.1,2187,836.9,2151.7,847.2,2139.9,851.6,2164.9,850.2,2164.9,819.2,2198.8,819.2,2228.2,772.2,2217.9],"groupId":0,"pointLabels":{},"locked":false,"visible":true,"attributes":[],"className":"Downy mildew"},{"type":"polygon","classId":1,"probability":100,"points":[4296.1,261.3,4335.3,259.9,4339.4,289.7,4332.6,315.3,4325.8,334.3,4323.1,334.3,4312.3,343.7,4274.5,347.8,4260.9,320.8,4290.7,261.3],"groupId":0,"pointLabels":{},"locked":false,"visible":true,"attributes":[],"className":"Downy mildew"},{"type":"polygon","classId":1,"probability":100,"points":[3327.2,2539.6,3384.4,2541.9,3372,2563.5,3359.7,2579.8,3349.6,2579.8,3331.8,2562,3324.9,2544.2],"groupId":0,"pointLabels":{},"locked":false,"visible":true,"attributes":[],"className":"Downy mildew"},{"type":"polygon","classId":1,"probability":100,"points":[1391.6,2299.9,1447.2,2293,1485.3,2257.1,1539.7,2232.8,1514.3,2207.4,1496.9,2195.8,1437.9,2197,1391.6,2223.6,1373.1,2247.9,1369.6,2273.3,1389.3,2299.9],"groupId":0,"pointLabels":{},"locked":false,"visible":true,"attributes":[],"className":"Downy mildew"},{"type":"polygon","classId":1,"probability":100,"points":[5041.4,1431.6,5037.9,1432.2,5022.7,1449.2,5011.6,1473.7,5018,1492.4,5020.4,1493.6,5050.2,1490.7,5061.3,1480.1,5063.1,1449.7,5053.1,1434,5043.8,1429.9],"groupId":0,"pointLabels":{},"locked":false,"visible":true,"attributes":[],"className":"Downy mildew"},{"type":"polygon","classId":1,"probability":100,"points":[2502.5,1651,2476.9,1629.5,2447.3,1634.6,2388,1608,2369.6,1577.3,2393.1,1528.3,2417.6,1512.9,2469.8,1516,2525,1548.7,2549.5,1579.4,2556.7,1598.8,2550.5,1636.7,2570,1658.1,2555.7,1670.4,2552.6,1670.4,2532.1,1683.7,2517.8,1711.3,2501.5,1711.3,2504.5,1668.4,2501.5,1652],"groupId":0,"pointLabels":{},"locked":false,"visible":true,"attributes":[],"className":"Downy mildew"}],"tags":[],"metadata":{"version":"1.0.0","name":"_DSC4597.JPG","status":"Completed"}}