{"instances":[{"type":"polygon","classId":1,"probability":100,"points":[5076.4,1442.3,5025.9,1421.2,5009.4,1398.8,5020,1380,5069.4,1364.7,5109.4,1380,5118.8,1390.6,5109.4,1414.1,5080,1442.3],"groupId":0,"pointLabels":{},"locked":false,"visible":true,"attributes":[],"className":"Downy mildew"},{"type":"polygon","classId":1,"probability":100,"points":[4386.8,837.4,4418.4,833.5,4415.8,796.6,4373.6,776.8,4334.1,786,4298.5,807.1,4293.2,849.3,4318.3,882.2,4365.7,891.4,4390.8,892.7,4401.3,883.5,4384.2,836.1],"groupId":0,"pointLabels":{},"locked":false,"visible":true,"attributes":[],"className":"Downy mildew"},{"type":"polygon","classId":1,"probability":100,"points":[3210,648.6,3143,647.8,3138.3,727.2,3172.2,756.5,3216.9,758,3260.9,721.8,3263.2,679.4,3252.4,607.7,3224.6,628.5,3210.8,647],"groupId":0,"pointLabels":{},"locked":false,"visible":true,"attributes":[],"className":"Downy mildew"},{"type":"polygon","classId":1,"probability":100,"points":[3276.1,1461.4,3252.6,1497.9,3209.1,1513.2,3184.4,1501.4,3187.9,1449.7,3213.8,1401.4,3233.8,1379.1,3269.1,1367.3,3269.1,1366.2,3300.8,1372,3327.9,1386.2,3323.2,1405,3320.8,1408.5,3278.5,1454.4],"groupId":0,"pointLabels":{},"locked":false,"visible":true,"attributes":[],"className":"Downy mildew"}],"tags":[],"metadata":{"version":"1.0.0","name":"_DSC4721.JPG","status":"Completed"}}