{"instances":[{"type":"polygon","classId":1,"probability":100,"points":[2191.7,1912.8,2190.9,1912.8,2327.2,1903.6,2305.8,1886,2281.3,1880.6,2218.5,1892.1,2190.2,1909.7],"groupId":0,"pointLabels":{},"locked":false,"visible":true,"attributes":[],"className":"Downy mildew"},{"type":"polygon","classId":1,"probability":100,"points":[2189.3,1943.1,2382.1,1927,2384.8,1994,2347.3,2038.2,2308.5,2034.2,2267,2018.1,2257.6,2003.4,2244.2,2010.1,2228.1,2014.1,2206.7,1992.7,2190.6,1980.6,2189.3,1948.5],"groupId":0,"pointLabels":{},"locked":false,"visible":true,"attributes":[],"className":"Downy mildew"},{"type":"polygon","classId":1,"probability":100,"points":[1807.6,1503.2,1828.9,1543.9,1877.7,1586.5,1927.5,1600.7,1935.6,1596.7,1945.7,1555,1945.7,1551,1925.4,1509.3,1870.6,1461.6,1843.1,1449.4,1809.6,1498.1],"groupId":0,"pointLabels":{},"locked":false,"visible":true,"attributes":[],"className":"Downy mildew"},{"type":"polygon","classId":1,"probability":100,"points":[2153.7,1238.3,2176.5,1248.4,2197.4,1252.5,2214.2,1244.9,2220.8,1224.5,2215.2,1214.9,2197.9,1208.3,2197.4,1209.3,2177.5,1218.4,2169.9,1220.5,2161.8,1226.1,2159.8,1226.6,2152.6,1234.7,2151.6,1237.2],"groupId":0,"pointLabels":{},"locked":false,"visible":true,"attributes":[],"className":"Downy mildew"},{"type":"polygon","classId":1,"probability":100,"points":[1918.7,1251.8,1917.7,1281.5,1946.3,1312.1,2014.8,1335.7,2081.3,1332.6,2101.7,1282.5,2083.3,1230.3,2051.6,1204.8,2018.9,1209.9,1986.2,1231.4,1946.3,1254.9,1916.6,1246.7],"groupId":0,"pointLabels":{},"locked":false,"visible":true,"attributes":[],"className":"Downy mildew"}],"tags":[],"metadata":{"version":"1.0.0","name":"_DSC4720.JPG","status":"Completed"}}