{"instances":[{"type":"polygon","classId":1,"probability":100,"points":[5470.2,1283.5,5471.2,1337.7,5494.8,1355.9,5511.1,1349.5,5520.4,1314.1,5535.7,1311.6,5537.1,1295.4,5558.3,1312.1,5568,1310.1,5568,1291.9,5471.7,1283.5],"groupId":0,"pointLabels":{},"locked":false,"visible":true,"attributes":[],"className":"Downy mildew"},{"type":"polygon","classId":1,"probability":100,"points":[5568,1265.8,5447.5,1254.3,5459,1219.7,5488.9,1199,5539.6,1208.2,5568,1210.5,5568,1261.2],"groupId":0,"pointLabels":{},"locked":false,"visible":true,"attributes":[],"className":"Downy mildew"},{"type":"polygon","classId":1,"probability":100,"points":[134.2,814.1,137.1,774.3,155.6,784,162.3,777.2,169.1,805.4,182.7,807.3,190.5,791.8,214.8,795.7,246.8,844.2,249.7,877.2,235.2,891.8,230.3,893.7,211.9,886,211.9,863.6,196.3,849.1,134.2,817.1],"groupId":0,"pointLabels":{},"locked":false,"visible":true,"attributes":[],"className":"Downy mildew"},{"type":"polygon","classId":1,"probability":100,"points":[2358.8,927.6,2363.5,1008,2336.2,1076.8,2315.1,1062.7,2283.8,1029.1,2304.2,992.4,2337.7,951,2353.3,926.1,2357.3,926.1],"groupId":0,"pointLabels":{},"locked":false,"visible":true,"attributes":[],"className":"Downy mildew"},{"type":"polygon","classId":1,"probability":100,"points":[2219,874.8,2215.5,847.9,2232.5,829.9,2245.1,819.1,2282.8,826.3,2297.2,851.5,2299,880.2,2289.1,898.2,2261.3,903.6,2232.5,889.2,2219.9,880.2],"groupId":0,"pointLabels":{},"locked":false,"visible":true,"attributes":[],"className":"Downy mildew"},{"type":"polygon","classId":1,"probability":100,"points":[2291.2,733.3,2244.3,747.2,2238.9,750.4,2190.9,752.5,2190.9,749.3,2174.9,703.4,2178.1,676.8,2196.3,676.8,2173.9,610.6,2224,640.5,2243.2,646.9,2250.7,659.7,2288,672.5,2297.6,697,2296.5,722.6,2290.1,735.4],"groupId":0,"pointLabels":{},"locked":false,"visible":true,"attributes":[],"className":"Downy mildew"},{"type":"polygon","classId":1,"probability":100,"points":[2494.8,780.8,2386.1,879.7,2347.2,866.7,2313.1,793.7,2293.7,746.7,2311.5,719.1,2374.8,715.9,2413.7,759.7,2433.2,745.1,2436.4,745.1,2472.1,753.2,2493.2,771],"groupId":0,"pointLabels":{},"locked":false,"visible":true,"attributes":[],"className":"Downy mildew"},{"type":"polygon","classId":1,"probability":100,"points":[1885.699951171875,1176.5,1828.2,1206,1828.2,1243.8,1853.5,1266.3,1887.1,1256.4,1892.7,1266.3,1934.8,1266.3,1948.8,1262,1937.6,1245.2,1960,1234,1972.6,1222.8,1964.2,1193.4,1953,1176.5,1909.5,1176.5],"groupId":0,"pointLabels":{},"locked":false,"visible":true,"attributes":[],"className":"Downy mildew"},{"type":"polygon","classId":1,"probability":100,"points":[2077.9,502.5,2107.3,471.9,2152,453.1,2172,449.6,2195.5,479,2203.8,506,2202.6,533,2190.8,553,2157.9,574.2,2122.6,574.2,2089.7,544.8,2076.8,506],"groupId":0,"pointLabels":{},"locked":false,"visible":true,"attributes":[],"className":"Downy mildew"},{"type":"polygon","classId":1,"probability":100,"points":[2816.3,1643.2,2833.7,1714.3,2821.1,1731.7,2797.4,1720.6,2781.5,1671.6,2805.3,1640,2814.7,1640],"groupId":0,"pointLabels":{},"locked":false,"visible":true,"attributes":[],"className":"Downy mildew"},{"type":"polygon","classId":1,"probability":100,"points":[2741.5,1868.2,2786.8,1892.2,2771.7,1944.7,2759.2,1958.9,2715.7,1959.8,2716.6,1928.7,2732.6,1898.5,2743.2,1870],"groupId":0,"pointLabels":{},"locked":false,"visible":true,"attributes":[],"className":"Downy mildew"},{"type":"polygon","classId":1,"probability":100,"points":[2596.6,1947.7,2549.5,1919.5,2504.8,1923,2448.4,1953.6,2436.6,2037.1,2467.2,2067.7,2534.2,2068.8,2582.5,2054.7,2603.6,1999.5,2603.6,1950.1],"groupId":0,"pointLabels":{},"locked":false,"visible":true,"attributes":[],"className":"Downy mildew"}],"tags":[],"metadata":{"version":"1.0.0","name":"_DSC4632.JPG","status":"Completed"}}