{"instances":[{"type":"polygon","classId":1,"probability":100,"points":[932.1,487,950.4,478.5,977.7,444.8,968.3,418.1,958.4,419.1,947.9,430,936.6,426,927.6,433,926.6,457.7,932.6,486.5],"groupId":0,"pointLabels":{},"locked":false,"visible":true,"attributes":[],"className":"Downy mildew"},{"type":"polygon","classId":1,"probability":100,"points":[163,1675.7,144.7,1737.2,224.6,1806.6,256,1780.4,276.9,1734.6,287.4,1695.3,237.7,1670.5,164.4,1677],"groupId":0,"pointLabels":{},"locked":false,"visible":true,"attributes":[],"className":"Downy mildew"},{"type":"polygon","classId":1,"probability":100,"points":[3567.9,2234,3668.7,2260,3655.7,2341.4,3613.4,2396.7,3525.6,2373.9,3483.3,2341.4,3545.1,2224.3,3567.9,2234],"groupId":0,"pointLabels":{},"locked":false,"visible":true,"attributes":[],"className":"Downy mildew"},{"type":"polygon","classId":1,"probability":100,"points":[2006.1,1576.3,2055.5,1561.9,2078.1,1590.7,2102.8,1629.8,2065.8,1679.1,2045.2,1753.2,2012.3,1742.9,1950.6,1718.2,1925.9,1662.7,1971.1,1603,2002,1580.4],"groupId":0,"pointLabels":{},"locked":false,"visible":true,"attributes":[],"className":"Downy mildew"}],"tags":[],"metadata":{"version":"1.0.0","name":"_DSC4616.JPG","status":"Completed"}}