{"instances":[{"type":"polygon","classId":1,"probability":100,"points":[4294.8,2545.7,4243,2499.3,4268.6,2483.2,4288.7,2482.5,4299.5,2491.3,4296.1,2544.4],"groupId":0,"pointLabels":{},"locked":false,"visible":true,"attributes":[],"className":"Downy mildew"},{"type":"polygon","classId":1,"probability":100,"points":[559.5,3170.8,582.8,3172.3,585.4,3170.3,600.4,3147.5,593.7,3137.1,570.9,3134,537.7,3145.9,535.1,3158.3,559.5,3171.3],"groupId":0,"pointLabels":{},"locked":false,"visible":true,"attributes":[],"className":"Downy mildew"},{"type":"polygon","classId":1,"probability":100,"points":[2682.1,213,2666.3,171,2663.7,159.2,2621.7,132.9,2580.9,153.9,2598,209.1,2672.9,217,2683.4,213],"groupId":0,"pointLabels":{},"locked":false,"visible":true,"attributes":[],"className":"Downy mildew"},{"type":"polygon","classId":1,"probability":100,"points":[2328.3,302.8,2290.2,295,2257.3,327.1,2250.3,372.1,2290.2,379.9,2311.8,376.5,2328.3,343.5,2330.9,307.2],"groupId":0,"pointLabels":{},"locked":false,"visible":true,"attributes":[],"className":"Downy mildew"},{"type":"polygon","classId":1,"probability":100,"points":[2614,676.9,2525.8,669,2502,640,2517.9,593.8,2561.3,564.9,2602.2,563.5,2632.5,567.5,2673.3,599.1,2615.4,674.2],"groupId":0,"pointLabels":{},"locked":false,"visible":true,"attributes":[],"className":"Downy mildew"},{"type":"polygon","classId":1,"probability":100,"points":[2449.3,923,2381.7,906.8,2330.3,920.3,2303.3,960.9,2306,1033.9,2357.4,1066.4,2441.2,1058.3,2439.8,1054.2,2472.3,1004.2,2477.7,974.4,2452,925.7],"groupId":0,"pointLabels":{},"locked":false,"visible":true,"attributes":[],"className":"Downy mildew"}],"tags":[],"metadata":{"version":"1.0.0","name":"_DSC4716.JPG","status":"Completed"}}