{"instances":[{"type":"polygon","classId":1,"probability":100,"points":[2076.3,2717,2024.9,2713.9,1972.1,2676.6,1950.3,2634.6,1993.8,2617.5,2029.6,2619.1,2034.3,2625.3,2082.5,2661,2085.6,2713.9],"groupId":0,"pointLabels":{},"locked":false,"visible":true,"attributes":[],"className":"Downy mildew"},{"type":"polygon","classId":1,"probability":100,"points":[1612.4,567.2,1548.7,579.6,1507.9,581.4,1502.6,549.5,1536.3,535.4,1603.6,533.6,1631.9,528.3,1644.3,547.8,1614.2,569],"groupId":0,"pointLabels":{},"locked":false,"visible":true,"attributes":[],"className":"Downy mildew"},{"type":"polygon","classId":1,"probability":100,"points":[1663.7,517.9,1745.7,336.6,1713.4,315.3,1714.2,315.3,1711,329.5,1686.6,314.5,1679.5,325.5,1651.1,309.8,1642.5,327.9,1628.3,314.5,1620.4,327.9,1622,333.4,1620.4,368.9,1625.9,414.6,1647.2,491.1,1657.4,515.5,1660.6,517.9],"groupId":0,"pointLabels":{},"locked":false,"visible":true,"attributes":[],"className":"Downy mildew"},{"type":"polygon","classId":1,"probability":100,"points":[387.5,1780.7,423.4,1852.4,538.1,1841.6,606.3,1795,577.6,1755.6,505.9,1709,398.3,1726.9,398.3,1766.3],"groupId":0,"pointLabels":{},"locked":false,"visible":true,"attributes":[],"className":"Downy mildew"},{"type":"polygon","classId":1,"probability":100,"points":[1082.1,1060.8,1089.2,1122,1104.4,1145.5,1159.7,1138.5,1190.3,1094.9,1204.4,1064.4,1145.6,1057.3,1082.1,1057.3],"groupId":0,"pointLabels":{},"locked":false,"visible":true,"attributes":[],"className":"Downy mildew"},{"type":"polygon","classId":1,"probability":100,"points":[3707.8,915.2,3779.3,934.9,3777.5,1029.7,3743.5,1067.2,3718.5,1070.8,3663.1,1051.1,3641.6,988.5,3648.7,931.3,3706,913.4],"groupId":0,"pointLabels":{},"locked":false,"visible":true,"attributes":[],"className":"Downy mildew"},{"type":"polygon","classId":1,"probability":100,"points":[2629.8,1902.5,2595,1907.8,2576.4,1901.2,2559,1879.8,2553.7,1831.7,2572.4,1803.7,2607.1,1795.7,2636.4,1814.4,2655.1,1847.8,2657.8,1862.4,2651.1,1889.1,2632.4,1902.5],"groupId":0,"pointLabels":{},"locked":false,"visible":true,"attributes":[],"className":"Downy mildew"}],"tags":[],"metadata":{"version":"1.0.0","name":"_DSC4587.JPG","status":"Completed"}}