{"instances":[{"type":"polygon","classId":1,"probability":100,"points":[987.7,1829.9,938.6,1858.5,889.5,1848.3,878.3,1821.7,926.4,1788,985.7,1826.8],"groupId":0,"pointLabels":{},"locked":false,"visible":true,"attributes":[],"className":"Downy mildew"},{"type":"polygon","classId":1,"probability":100,"points":[3216.3,1355.2,3216.3,1356.4,3176.3,1388.1,3078.7,1356.4,3055.199951171875,1284.699951171875,3121.1,1225.9,3202.2,1277.6,3212.8,1356.4],"groupId":0,"pointLabels":{},"locked":false,"visible":true,"attributes":[],"className":"Downy mildew"},{"type":"polygon","classId":1,"probability":100,"points":[2155.4,2572.9,2203.3,2593.4,2222.6,2651.3,2192.2,2680.5,2165.9,2696.9,2119.7,2694,2098.1,2687.5,2098.1,2686.4,2075.9,2663,2080.6,2615.6,2105.7,2583.5,2155.4,2572.4],"groupId":0,"pointLabels":{},"locked":false,"visible":true,"attributes":[],"className":"Downy mildew"}],"tags":[],"metadata":{"version":"1.0.0","name":"_DSC4799.JPG","status":"Completed"}}