{"instances":[{"type":"polygon","classId":1,"probability":100,"points":[616.9,386.1,631.8,353.9,627.5,334,604.5,330.9,585.3,339,577.2,368.7,582.8,382.4,618.2,386.7],"groupId":0,"pointLabels":{},"locked":false,"visible":true,"attributes":[],"className":"Downy mildew"},{"type":"polygon","classId":1,"probability":100,"points":[782.7,315.3,745,288.2,728.6,227.2,744,222.4,774,276.6,784.7,301.7,785.6,313.3],"groupId":0,"pointLabels":{},"locked":false,"visible":true,"attributes":[],"className":"Downy mildew"},{"type":"polygon","classId":1,"probability":100,"points":[427.8,182.6,377.5,157.6,369.3,134.3,369.3,132.2,377,104.8,379.5,87,400.3,98.7,402.4,101.2,438.5,121.6,445.1,156.6,429.8,183.1],"groupId":0,"pointLabels":{},"locked":false,"visible":true,"attributes":[],"className":"Downy mildew"},{"type":"polygon","classId":1,"probability":100,"points":[2539.5,1121.5,2522.3,1172.5,2500.1,1212.7,2462,1205.5,2483.5,1159.6,2493.6,1125.1,2510.8,1112.2,2538.1,1123],"groupId":0,"pointLabels":{},"locked":false,"visible":true,"attributes":[],"className":"Downy mildew"},{"type":"polygon","classId":1,"probability":100,"points":[2660,1030.2,2611,1060.5,2572,1092.3,2541.7,1057.6,2559,1037.4,2603.7,1024.4,2651.4,1024.4,2661.5,1030.2],"groupId":0,"pointLabels":{},"locked":false,"visible":true,"attributes":[],"className":"Downy mildew"},{"type":"polygon","classId":1,"probability":100,"points":[2513.3,1625.8,2576.6,1641.7,2589.5,1667.6,2572.3,1706.4,2546.4,1730.9,2497.5,1733.7,2483.1,1694.9,2481.6,1657.5,2509,1630.2],"groupId":0,"pointLabels":{},"locked":false,"visible":true,"attributes":[],"className":"Downy mildew"},{"type":"polygon","classId":1,"probability":100,"points":[2589.5,1974.8,2666,1995.3,2703.1,1968.5,2706.2,1912.5,2695.2,1881.7,2666,1873.9,2588,1877,2572.2,1896.7,2566.7,1932.2,2588,1973.2],"groupId":0,"pointLabels":{},"locked":false,"visible":true,"attributes":[],"className":"Downy mildew"}],"tags":[],"metadata":{"version":"1.0.0","name":"_DSC4631.JPG","status":"Completed"}}