{"instances":[{"type":"polygon","classId":1,"probability":100,"points":[889,1121.6,888.4,1107.3,897,1096.8,929.8,1096.8,949.6,1100.5,948.3,1112.9,940.9,1122.2,907.5,1125.3,887.7,1122.8],"groupId":0,"pointLabels":{},"locked":false,"visible":true,"attributes":[],"className":"Downy mildew"},{"type":"polygon","classId":1,"probability":100,"points":[856,1089.7,833.5,1096.1,810.1,1090.5,810.1,1075.2,824.6,1072,847.9,1075.2,859.2,1088.9],"groupId":0,"pointLabels":{},"locked":false,"visible":true,"attributes":[],"className":"Downy mildew"},{"type":"polygon","classId":1,"probability":100,"points":[1050.8,1030.1,1005.9,1031.5,990,1050,991.3,1087,1041.6,1101.5,1089.2,1092.3,1131.5,1075.1,1135.4,1042,1116.9,1035.4,1091.8,1042,1052.2,1030.1],"groupId":0,"pointLabels":{},"locked":false,"visible":true,"attributes":[],"className":"Downy mildew"},{"type":"polygon","classId":1,"probability":100,"points":[862.5,1035.6,910,1016.3,941.7,1016.3,966.3,1035.6,969.9,1058.5,950.5,1077.9,896,1070.8,866,1039.1],"groupId":0,"pointLabels":{},"locked":false,"visible":true,"attributes":[],"className":"Downy mildew"},{"type":"polygon","classId":1,"probability":100,"points":[3447.5,376.6,3415.6,379.3,3398,348.8,3418.3,324.5,3446.8,311.6,3472.5,331.9,3473.2,333.9,3465.1,358.3,3449.5,377.3],"groupId":0,"pointLabels":{},"locked":false,"visible":true,"attributes":[],"className":"Downy mildew"},{"type":"polygon","classId":1,"probability":100,"points":[2288.3,2537.3,2320.9,2562.2,2330.3,2717.7,2327.1,2765.9,2283.6,2801.7,2254.1,2820.3,2225.3,2824.2,2192.5,2842.1,2159.8,2806.4,2135.9,2758.7,2203.7,2647.5,2253.4,2576.4,2285.6,2537.4],"groupId":0,"pointLabels":{},"locked":false,"visible":true,"attributes":[],"className":"Downy mildew"},{"type":"polygon","classId":1,"probability":100,"points":[5133.2,2388.5,5087,2354.7,5030.1,2339.6,5054.1,2319.1,5117.2,2304.9,5148.4,2317.4,5151.9,2356.5,5136.8,2387.6],"groupId":0,"pointLabels":{},"locked":false,"visible":true,"attributes":[],"className":"Downy mildew"}],"tags":[],"metadata":{"version":"1.0.0","name":"_DSC4606.JPG","status":"Completed"}}