{"instances":[{"type":"polygon","classId":1,"probability":100,"points":[2543.3,1457.6,2537.7,1461.7,2507.7,1472.9,2491.9,1450.5,2486.9,1425.6,2511.8,1414.4,2541.3,1422.1,2556.5,1442.4,2556.5,1445.9,2543.8,1460.2],"groupId":0,"pointLabels":{},"locked":false,"visible":true,"attributes":[],"className":"Downy mildew"},{"type":"polygon","classId":1,"probability":100,"points":[3853.3,531.7,3822.7,570.5,3773.4,558.7,3731,515.2,3821.6,510.5,3855.7,534],"groupId":0,"pointLabels":{},"locked":false,"visible":true,"attributes":[],"className":"Downy mildew"},{"type":"polygon","classId":1,"probability":100,"points":[2487.7,2036,2410.5,2093.6,2304.4,2043.6,2293.8,1989.1,2343.8,1948.1,2396.8,1945.1,2481.7,2017.9,2484.7,2030],"groupId":0,"pointLabels":{},"locked":false,"visible":true,"attributes":[],"className":"Downy mildew"},{"type":"polygon","classId":1,"probability":100,"points":[4236.5,2573.8,4222,2614.2,4189.5,2606.3,4177.2,2552.6,4186.1,2545.8,4235.4,2572.7],"groupId":0,"pointLabels":{},"locked":false,"visible":true,"attributes":[],"className":"Downy mildew"},{"type":"polygon","classId":1,"probability":100,"points":[4717.1,826.2,4714.1,854.2,4713,857.1,4695.5,879.8,4668.1,875.2,4637.8,848.4,4637.8,844.9,4654.7,817.5,4676.8,812.8,4714.7,822.7,4719.4,825.6],"groupId":0,"pointLabels":{},"locked":false,"visible":true,"attributes":[],"className":"Downy mildew"},{"type":"polygon","classId":1,"probability":100,"points":[4854.1,824.7,4789.2,742.2,4789.2,684,4787.9,684,4813.6,680,4819,684,4824.4,690.8,4873.1,720.5,4906.9,766.5,4896.1,808.4,4894.7,808.4,4893.4,812.5,4859.6,828.7],"groupId":0,"pointLabels":{},"locked":false,"visible":true,"attributes":[],"className":"Downy mildew"}],"tags":[],"metadata":{"version":"1.0.0","name":"_DSC4579.JPG","status":"Completed"}}