{"instances":[{"type":"polygon","classId":1,"probability":100,"points":[3309,2545.2,3347.9,2508.4,3311.1,2508.4,3309,2485.9,3327.4,2465.5,3341.7,2453.3,3386.7,2457.3,3431.7,2475.7,3478.7,2475.7,3513.4,2502.3,3499.1,2518.6,3460.3,2537,3317.2,2555.4],"groupId":0,"pointLabels":{},"locked":false,"visible":true,"attributes":[],"className":"Downy mildew"},{"type":"polygon","classId":1,"probability":100,"points":[4371.1,1496.1,4334.1,1473.5,4288.9,1485.9,4266.3,1452.9,4280.7,1391.2,4315.6,1376.8,4354.7,1354.2,4414.3,1383,4451.4,1426.2,4451.4,1428.3,4418.5,1465.3,4371.1,1498.2],"groupId":0,"pointLabels":{},"locked":false,"visible":true,"attributes":[],"className":"Downy mildew"}],"tags":[],"metadata":{"version":"1.0.0","name":"_DSC4615.JPG","status":"Completed"}}