{"instances":[{"type":"polygon","classId":1,"probability":100,"points":[3756.8,2876,3754.6,2853.2,3738.9,2817.4,3763.9,2808.1,3797.9,2814.8,3814.3,2846.5,3802.7,2868.2,3782.6,2879.4,3756.4,2876],"groupId":0,"pointLabels":{},"locked":false,"visible":true,"attributes":[],"className":"Downy mildew"},{"type":"polygon","classId":1,"probability":100,"points":[2098.6,1635.3,2195.5,1644.7,2261.2,1694.7,2245.6,1744.8,2242.5,1744.8,2186.2,1785.4,2126.7,1779.2,2089.2,1735.4,2095.4,1644.7],"groupId":0,"pointLabels":{},"locked":false,"visible":true,"attributes":[],"className":"Downy mildew"}],"tags":[],"metadata":{"version":"1.0.0","name":"_DSC4795.JPG","status":"Completed"}}