{"instances":[{"type":"polygon","classId":1,"probability":100,"points":[1231.5,2482.2,1233.5,2415,1275.9,2415,1307.3,2441.7,1305.3,2473.1,1295.5,2490.7,1267.5,2497.9,1241.3,2495.3,1232.2,2483.5],"groupId":0,"pointLabels":{},"locked":false,"visible":true,"attributes":[],"className":"Downy mildew"},{"type":"polygon","classId":1,"probability":100,"points":[869.1,1842.9,906.4,1842.5,938.7,1836.7,954.1,1827.9,962.1,1797.9,959.1,1773.3,956.4,1771.4,948.7,1757.1,932.2,1752.9,907.2,1757.1,893,1787.5,886.4,1821.3,868,1843.6],"groupId":0,"pointLabels":{},"locked":false,"visible":true,"attributes":[],"className":"Downy mildew"},{"type":"polygon","classId":1,"probability":100,"points":[5147.1,453.6,5149.4,513.6,5127.1,573.6,5118.8,587.7,5087.1,591.2,5060,584.2,5037.7,554.8,5040.1,526.5,5075.3,487.7,5097.7,460.7,5142.4,447.8],"groupId":0,"pointLabels":{},"locked":false,"visible":true,"attributes":[],"className":"Downy mildew"},{"type":"polygon","classId":1,"probability":100,"points":[3474.4,2937.6,3519,2911.9,3527.2,2868.7,3512.3,2834.8,3470.4,2802.4,3444.7,2784.8,3419,2805.1,3396,2820,3379.8,2836.2,3382.5,2864.6,3390.6,2897.1,3413.6,2922.8,3469,2940.3],"groupId":0,"pointLabels":{},"locked":false,"visible":true,"attributes":[],"className":"Downy mildew"}],"tags":[],"metadata":{"version":"1.0.0","name":"_DSC4636.JPG","status":"Completed"}}