{"instances":[{"type":"polygon","classId":1,"probability":100,"points":[2234.8,2706.3,2274.3,2698.5,2289,2676.1,2270.4,2652.9,2239.5,2645.2,2212.4,2667.6,2229.4,2703.2,2232.5,2705.5],"groupId":0,"pointLabels":{},"locked":false,"visible":true,"attributes":[],"className":"Downy mildew"},{"type":"polygon","classId":1,"probability":100,"points":[2430.2,2012.7,2492.6,1959.4,2493,1958,2481.3,1940.4,2468.6,1929.1,2436,1933.6,2399.9,1958,2372.3,1980.2,2366.8,2020.4,2395.8,2025.9,2427.4,2013.7],"groupId":0,"pointLabels":{},"locked":false,"visible":true,"attributes":[],"className":"Downy mildew"},{"type":"polygon","classId":1,"probability":100,"points":[2797.6,1932.6,2887,1895.1,2913.9,1820,2912.1,1814.6,2867.4,1816.4,2742.2,1898.7,2794,1938],"groupId":0,"pointLabels":{},"locked":false,"visible":true,"attributes":[],"className":"Downy mildew"}],"tags":[],"metadata":{"version":"1.0.0","name":"_DSC4796.JPG","status":"Completed"}}