{"instances":[{"type":"polygon","classId":1,"probability":100,"points":[1138.6,2039.2,1093.8,2056.8,1089.3,2037,1118.5,2005.3,1150.2,2026.5,1137.5,2038.5],"groupId":0,"pointLabels":{},"locked":false,"visible":true,"attributes":[],"className":"Downy mildew"},{"type":"polygon","classId":1,"probability":100,"points":[3460.2,3595,3441,3631.3,3368.5,3640.9,3325.8,3643,3301.3,3653.7,3327.9,3712,3549.8,3712,3536,3591.8,3466.6,3580.1,3458.1,3592.9],"groupId":0,"pointLabels":{},"locked":false,"visible":true,"attributes":[],"className":"Downy mildew"},{"type":"polygon","classId":1,"probability":100,"points":[2871.4,1995.9,2974.9,2020.6,3007.8,1986.5,3010.2,1917.1,2986.7,1883,2903.2,1880.6,2889,1883,2860.8,1895.9,2860.8,1897.1,2858.5,1897.1,2833.8,1940.6,2869.1,1993.5],"groupId":0,"pointLabels":{},"locked":false,"visible":true,"attributes":[],"className":"Downy mildew"}],"tags":[],"metadata":{"version":"1.0.0","name":"_DSC4695.JPG","status":"Completed"}}