{"instances":[{"type":"polygon","classId":1,"probability":100,"points":[753.7,1274.8,762.1,1290.1,795.6,1281.2,804.5,1274.8,781.8,1239.8,768.5,1233.3,745.3,1239.3,711.7,1261,712.2,1272.3,731.9,1265.4,746.7,1269.4,754.2,1275.8],"groupId":0,"pointLabels":{},"locked":false,"visible":true,"attributes":[],"className":"Downy mildew"},{"type":"polygon","classId":1,"probability":100,"points":[5306.8,728.2,5240.7,719.7,5217.2,713.3,5205.1,692.9,5243.5,692.9,5297.3,700.6,5308.8,717.2,5310.1,727.4],"groupId":0,"pointLabels":{},"locked":false,"visible":true,"attributes":[],"className":"Downy mildew"},{"type":"polygon","classId":1,"probability":100,"points":[2037.3,2325.5,2063.1,2358.3,2091.4,2360.1,2091.4,2359.2,2121.5,2350.3,2130.4,2328.2,2132.2,2328.2,2130.4,2312.2,2108.3,2281.2,2093.2,2274.1,2088.8,2294.5,2066.6,2309.6,2035.6,2324.6],"groupId":0,"pointLabels":{},"locked":false,"visible":true,"attributes":[],"className":"Downy mildew"},{"type":"polygon","classId":1,"probability":100,"points":[2519.7,2355.7,2581.9,2313.8,2576.5,2263.7,2546.8,2225.9,2518.4,2223.2,2485.9,2228.6,2456.2,2265.1,2450.8,2274.5,2450.8,2277.2,2453.5,2278.6,2469.7,2324.6,2511.6,2355.7],"groupId":0,"pointLabels":{},"locked":false,"visible":true,"attributes":[],"className":"Downy mildew"}],"tags":[],"metadata":{"version":"1.0.0","name":"_DSC4607.JPG","status":"Completed"}}