{"instances":[{"type":"polygon","classId":1,"probability":100,"points":[3930.5,1222.8,3929.6,1254.3,3908.6,1261.3,3905,1263.4,3871,1259.5,3844.1,1248.5,3844.1,1244,3850.1,1230.3,3853.8,1229.1,3911.4,1212.8,3932,1208.2,3931.4,1223.4],"groupId":0,"pointLabels":{},"locked":false,"visible":true,"attributes":[],"className":"Downy mildew"},{"type":"polygon","classId":1,"probability":100,"points":[3202.5,1437.6,3203.2,1416.1,3219.1,1390.3,3209.2,1391.7,3174.3,1423.1,3201.5,1438],"groupId":0,"pointLabels":{},"locked":false,"visible":true,"attributes":[],"className":"Downy mildew"},{"type":"polygon","classId":1,"probability":100,"points":[3235.800048828125,1363.0999755859375,3234.6,1381,3245.5,1411.1,3244.7,1415.6,3264.2,1421.2,3287.4,1414.7,3292.7,1413.9,3302.4,1409.1,3312.6,1401.7,3317.4,1393.6,3315,1387.1,3289.8,1357.9,3254.9,1348.5],"groupId":0,"pointLabels":{},"locked":false,"visible":true,"attributes":[],"className":"Downy mildew"},{"type":"polygon","classId":1,"probability":100,"points":[3750,1459.4,3701.2,1501.6,3666.8,1506,3658,1491.6,3745.6,1440.6,3746.7,1440.6,3750,1459.4],"groupId":0,"pointLabels":{},"locked":false,"visible":true,"attributes":[],"className":"Downy mildew"},{"type":"polygon","classId":1,"probability":100,"points":[4636,1470.3,4622.1,1467,4616.7,1456.5,4621.8,1440.8,4629.4,1434.2,4638.2,1433.1,4642.6,1437.8,4645.5,1444.8,4647,1452.1,4646.2,1463,4637.1,1469.6],"groupId":0,"pointLabels":{},"locked":false,"visible":true,"attributes":[],"className":"Downy mildew"},{"type":"polygon","classId":1,"probability":100,"points":[1092.6,1294.2,1067.2,1337,1046.2,1327.7,1038.1,1310.3,1048,1299.1,1058.6,1279.3,1071.6,1268.1,1085.8,1278.1,1092.6,1291.1],"groupId":0,"pointLabels":{},"locked":false,"visible":true,"attributes":[],"className":"Downy mildew"},{"type":"polygon","classId":1,"probability":100,"points":[2560.4,1810.2,2552.9,1818.9,2553.3,1827.6,2573.8,1825.6,2586.5,1826,2594.3,1817.7,2591.2,1810.2,2581.3,1811.8,2571.9,1814.5,2564,1810.6],"groupId":0,"pointLabels":{},"locked":false,"visible":true,"attributes":[],"className":"Downy mildew"},{"type":"polygon","classId":1,"probability":100,"points":[2327.2,1880.6,2403,1843.2,2400.7,1878.3,2395.1,1903.2,2374.7,1919,2324.9,1879.4],"groupId":0,"pointLabels":{},"locked":false,"visible":true,"attributes":[],"className":"Downy mildew"},{"type":"polygon","classId":1,"probability":100,"points":[2493.1,1792.7,2490,1814.1,2524.7,1828.4,2528.8,1828.4,2556.3,1808,2569.5,1788.6,2563.4,1756,2494.1,1792.7],"groupId":0,"pointLabels":{},"locked":false,"visible":true,"attributes":[],"className":"Downy mildew"},{"type":"polygon","classId":1,"probability":100,"points":[2444.3,2396.7,2407.2,2395.2,2373.9,2378.1,2354.6,2357.3,2356.1,2336.4,2375.5,2327.1,2402.5,2324.8,2418.8,2328.7,2435,2337.2,2462.1,2348.8,2475.2,2365,2445.8,2395.9],"groupId":0,"pointLabels":{},"locked":false,"visible":true,"attributes":[],"className":"Downy mildew"},{"type":"polygon","classId":1,"probability":100,"points":[2553.4,2371.7,2497.5,2360.8,2497.5,2359.3,2495.9,2359.3,2483.5,2311.1,2483.5,2304.8,2502.1,2272.2,2542.6,2258.2,2592.3,2284.6,2614.1,2311.1,2615.7,2321.9,2615.7,2325.1,2606.3,2343.7,2575.2,2367,2558.1,2374.8],"groupId":0,"pointLabels":{},"locked":false,"visible":true,"attributes":[],"className":"Downy mildew"}],"tags":[],"metadata":{"version":"1.0.0","name":"_DSC4578.JPG","status":"Completed"}}