{"instances":[{"type":"polygon","classId":1,"probability":100,"points":[2758.2,2257.6,2686.6,2280.1,2685.6,2309.7,2646.7,2320,2595.6,2239.2,2613,2186,2637.5,2174.8,2697.8,2165.6,2693.8,2194.2,2731.6,2214.6,2768.4,2215.7,2758.2,2252.5],"groupId":0,"pointLabels":{},"locked":false,"visible":true,"attributes":[],"className":"Downy mildew"},{"type":"polygon","classId":1,"probability":100,"points":[3601.3,2017.1,3579,2059.4,3559,2086.5,3509.6,2084.1,3489.6,2040.6,3495.5,2007.7,3511.9,1970,3554.3,1939.5,3584.9,1946.5,3614.3,1986.5,3606,2019.4],"groupId":0,"pointLabels":{},"locked":false,"visible":true,"attributes":[],"className":"Downy mildew"}],"tags":[],"metadata":{"version":"1.0.0","name":"_DSC4625.JPG","status":"Completed"}}