{"instances":[{"type":"polygon","classId":1,"probability":100,"points":[5153.6,1955.8,5187.5,1941.9,5192.9,1926.5,5179,1920.4,5159.7,1923.4,5140.5,1939.6,5144.3,1953.5,5152,1957.3],"groupId":0,"pointLabels":{},"locked":false,"visible":true,"attributes":[],"className":"Downy mildew"},{"type":"polygon","classId":1,"probability":100,"points":[5291.4,1772.7,5286,1773.6,5231.8,1742.5,5177.6,1746.9,5162.4,1772.7,5196.2,1816.3,5246,1856.3,5256.7,1892.7,5272.7,1888.3,5278.9,1864.3,5259.4,1828.7,5293.1,1775.4],"groupId":0,"pointLabels":{},"locked":false,"visible":true,"attributes":[],"className":"Downy mildew"},{"type":"polygon","classId":1,"probability":100,"points":[2883.2,1598.1,2864.2,1567,2849.3,1552.1,2838.5,1556.1,2829.1,1565.6,2826.4,1592.7,2830.4,1627.8,2854.8,1649.5,2864.2,1661.6,2891.3,1669.7,2900.7,1664.3,2896.7,1638.6,2885.9,1600.8],"groupId":0,"pointLabels":{},"locked":false,"visible":true,"attributes":[],"className":"Downy mildew"}],"tags":[],"metadata":{"version":"1.0.0","name":"_DSC4610.JPG","status":"Completed"}}