{"instances":[{"type":"polygon","classId":1,"probability":100,"points":[1872.7,572.7,1910.2,514.5,1938.1,467.3,1933.3,446.7,1865.4,491.5,1824.3,558.1,1807.3,672,1819.4,709.5,1857,681.7000122070312,1864.2,651.4,1869.1,575.1],"groupId":0,"pointLabels":{},"locked":false,"visible":true,"attributes":[],"className":"Downy mildew"},{"type":"polygon","classId":1,"probability":100,"points":[1558.9,2211,1516.2,2200.7,1497.1,2152.1,1504.4,2134.5,1519.2,2115.3,1538.3,2109.4,1570.7,2109.4,1597.2,2141.8,1604.5,2163.9,1617.8,2181.6,1606,2200.7,1564.8,2208],"groupId":0,"pointLabels":{},"locked":false,"visible":true,"attributes":[],"className":"Downy mildew"},{"type":"polygon","classId":1,"probability":100,"points":[324.9,1373.1,295.4,1408.2,268.7,1420.9,243.4,1423.7,225.1,1399.8,227.9,1374.5,242,1346.4,264.5,1326.7,308.1,1335.1,329.2,1346.4,329.2,1368.9],"groupId":0,"pointLabels":{},"locked":false,"visible":true,"attributes":[],"className":"Downy mildew"},{"type":"polygon","classId":1,"probability":100,"points":[2368.9,1494.9,2290,1494.9,2254.7,1456.9,2254.7,1418.8,2284.6,1378,2328.1,1367.1,2382.5,1383.4,2396.1,1421.5,2398.8,1459.6,2379.8,1492.2],"groupId":0,"pointLabels":{},"locked":false,"visible":true,"attributes":[],"className":"Downy mildew"}],"tags":[],"metadata":{"version":"1.0.0","name":"_DSC4588.JPG","status":"Completed"}}