{"instances":[{"type":"polygon","classId":1,"probability":100,"points":[2385.3,1423.1,2333.2,1432.3,2331.1,1431.3,2318.9,1431.3,2293.3,1420,2284.1,1381.1,2317.9,1354.6,2358.8,1312.6,2384.3,1420],"groupId":0,"pointLabels":{},"locked":false,"visible":true,"attributes":[],"className":"Downy mildew"},{"type":"polygon","classId":1,"probability":100,"points":[2927.2,1512.9,2968.5,1581,2979.7,1652.4,2891.5,1636.8,2844.6,1623.4,2843.5,1621.2,2822.3,1562,2825.6,1487.2,2879.2,1476,2925,1511.8],"groupId":0,"pointLabels":{},"locked":false,"visible":true,"attributes":[],"className":"Downy mildew"},{"type":"polygon","classId":1,"probability":100,"points":[4242.2,2915.3,4178.7,2896.3,4176,2893.6,4173.3,2893.6,4170.6,2889.6,4135.4,2862.5,4131.3,2801.7,4173.3,2740.8,4238.2,2751.6,4288.2,2811.1,4330.1,2840.9,4249,2918],"groupId":0,"pointLabels":{},"locked":false,"visible":true,"attributes":[],"className":"Downy mildew"}],"tags":[],"metadata":{"version":"1.0.0","name":"_DSC4726.JPG","status":"Completed"}}