{"instances":[{"type":"polygon","classId":1,"probability":100,"points":[2479.2,1126.2,2470.9,1153.2,2401.6,1184.4,2389.2,1186.4,2381.6,1145.6,2387.8,1130.4,2437,1125.5,2478.5,1124.1],"groupId":0,"pointLabels":{},"locked":false,"visible":true,"attributes":[],"className":"Downy mildew"},{"type":"polygon","classId":1,"probability":100,"points":[1011.9,902.4,1008.5,921.6,979,927.8,972.8,920.3,974.9,905.9,950.2,882.6,948.8,877.8,968,873,1000.2,889.4,1009.2,897.6],"groupId":0,"pointLabels":{},"locked":false,"visible":true,"attributes":[],"className":"Downy mildew"},{"type":"polygon","classId":1,"probability":100,"points":[284.4,1290.1,279.9,1263.5,248.2,1289.5,245.7,1318.6,252.7,1318,286.3,1288.8],"groupId":0,"pointLabels":{},"locked":false,"visible":true,"attributes":[],"className":"Downy mildew"},{"type":"polygon","classId":1,"probability":100,"points":[268.5,1194.5,268.1,1164,254.2,1166.8,245.5,1172.8,244.1,1180.6,250.1,1190.8,267.2,1195.4],"groupId":0,"pointLabels":{},"locked":false,"visible":true,"attributes":[],"className":"Downy mildew"},{"type":"polygon","classId":1,"probability":100,"points":[567,1241.3,532.4,1242.2,543.9,1211,559,1204.8,575,1188.8,582.2,1195.9,583,1220.8,570.6,1240.4],"groupId":0,"pointLabels":{},"locked":false,"visible":true,"attributes":[],"className":"Downy mildew"},{"type":"polygon","classId":1,"probability":100,"points":[1512.5,1831.5,1625.1,1812.9,1674.7,1741.1,1645.5,1693.3,1619.8,1681.7,1563.9,1694.2,1525.8,1741.1,1501,1777.5,1509.9,1826.2],"groupId":0,"pointLabels":{},"locked":false,"visible":true,"attributes":[],"className":"Downy mildew"},{"type":"polygon","classId":1,"probability":100,"points":[4191.7,1452.7,4243.6,1452.7,4275.6,1487,4255.6,1527,4222.1,1539,4196.5,1533.4,4193.3,1496.6,4162.2,1455.1,4189.3,1451.1],"groupId":0,"pointLabels":{},"locked":false,"visible":true,"attributes":[],"className":"Downy mildew"},{"type":"polygon","classId":1,"probability":100,"points":[4493.1,1600.1,4456.9,1617.8,4413.9,1591.7,4471.5,1546.3,4502.3,1559.4,4507.6,1579.4,4489.2,1601.6],"groupId":0,"pointLabels":{},"locked":false,"visible":true,"attributes":[],"className":"Downy mildew"},{"type":"polygon","classId":1,"probability":100,"points":[4653.6,1509.2,4652.9,1507.8,4574.1,1479,4614.9,1462.8,4656.4,1445.9,4673.3,1462.1,4674.7,1486.7,4655.7,1508.5],"groupId":0,"pointLabels":{},"locked":false,"visible":true,"attributes":[],"className":"Downy mildew"},{"type":"polygon","classId":1,"probability":100,"points":[2701.1,1887.4,2766,1841.8,2758.3,1799.2,2733.6,1774.5,2715,1768.3,2650.8,1786.1,2629.9,1803.1,2655.5,1845.6,2697.2,1887.4],"groupId":0,"pointLabels":{},"locked":false,"visible":true,"attributes":[],"className":"Downy mildew"}],"tags":[],"metadata":{"version":"1.0.0","name":"_DSC4624.JPG","status":"Completed"}}