{"instances":[{"type":"polygon","classId":1,"probability":100,"points":[1778.1,2972.6,1777.5,2972.6,1797.4,2965,1809,2956.9,1799.7,2942.9,1794.4,2933,1773.5,2933.6,1763,2937.6,1751.9,2952.8,1746.1,2968,1758.3,2976.1,1778.7,2973.8],"groupId":0,"pointLabels":{},"locked":false,"visible":true,"attributes":[],"className":"Downy mildew"},{"type":"polygon","classId":1,"probability":100,"points":[2340.6,479.9,2358.7,454.3,2400.9,459.5,2405.4,472.4,2399.3,480.6,2391.8,503.2,2389.6,505.5,2381.3,526.6,2373.7,530.4,2351.1,533.4,2321.8,528.1,2320.2,524.3,2337.6,480.6],"groupId":0,"pointLabels":{},"locked":false,"visible":true,"attributes":[],"className":"Downy mildew"},{"type":"polygon","classId":1,"probability":100,"points":[2724.1,370.2,2685.9,348,2685,318.6,2697.4,308,2686.7,302.6,2664.5,304.4,2643.2,311.5,2636.1,328.4,2632.5,349.8,2636.9,372.9,2641.4,388.9,2643.2,389.8,2652.1,404.9,2701,422.7,2721.4,418.2,2735.6,402.2,2723.2,372.9],"groupId":0,"pointLabels":{},"locked":false,"visible":true,"attributes":[],"className":"Downy mildew"},{"type":"polygon","classId":1,"probability":100,"points":[2670.7,814.9,2560.3,809.8,2554.1,756.6,2570.5,723.9,2600.2,711.6,2660.5,700.4,2691.2,702.4,2708.5,731,2720.8,748.4,2674.8,812.8],"groupId":0,"pointLabels":{},"locked":false,"visible":true,"attributes":[],"className":"Downy mildew"},{"type":"polygon","classId":1,"probability":100,"points":[2485.2,1041.7,2528.1,1081.1,2497.7,1168.7,2454.8,1197.3,2360,1179.5,2345.7,1104.3,2399.4,1036.4,2483.4,1040],"groupId":0,"pointLabels":{},"locked":false,"visible":true,"attributes":[],"className":"Downy mildew"}],"tags":[],"metadata":{"version":"1.0.0","name":"_DSC4717.JPG","status":"Completed"}}