{"instances":[{"type":"polygon","classId":1,"probability":100,"points":[5268.6,2563.2,5283.6,2571.9,5280.8,2586.2,5275,2597.7,5258.5,2602.7,5243.5,2593.4,5237.7,2575.4,5249.9,2558.9,5268.6,2562.5],"groupId":0,"pointLabels":{},"locked":false,"visible":true,"attributes":[],"className":"Downy mildew"},{"type":"polygon","classId":1,"probability":100,"points":[2284.1,1791.1,2460.4,1774,2423,1747.300048828125,2386.2,1735.3,2380.5,1734.6,2340.5,1735.3,2319,1739.1,2298,1752.4,2280.3,1786.7,2280.3,1788.6],"groupId":0,"pointLabels":{},"locked":false,"visible":true,"attributes":[],"className":"Downy mildew"},{"type":"polygon","classId":1,"probability":100,"points":[2293.4,1816.9,2475.3,1794.9,2485.6,1849.1,2425.4,1897.6,2363.8,1893.2,2356.5,1880,2344.7,1885.8,2293.4,1822.7],"groupId":0,"pointLabels":{},"locked":false,"visible":true,"attributes":[],"className":"Downy mildew"},{"type":"polygon","classId":1,"probability":100,"points":[2233.4,1108.8,2237.9,1097.7,2260.6,1083.3,2278.4,1076.7,2302.2,1078.3,2313.9,1087.2,2323.9,1098.3,2301.7,1116.6,2285.6,1122.7,2258.9,1123.3,2233.4,1110.5],"groupId":0,"pointLabels":{},"locked":false,"visible":true,"attributes":[],"className":"Downy mildew"},{"type":"polygon","classId":1,"probability":100,"points":[2024.9,1104.7,2009.8,1127.5,2022.6,1154.9,2022.6,1156.6,2040.7,1177.6,2076.8,1192.7,2121.1,1203.2,2161.9,1175.8,2177.6,1140.9,2178.2,1138,2169.5,1100.7,2151.4,1076.8,2141.5,1066.3,2119.3,1069.2,2091.4,1075.6,2080.3,1086.7,2061.1,1096,2033.7,1105.9,2025.5,1105.3],"groupId":0,"pointLabels":{},"locked":false,"visible":true,"attributes":[],"className":"Downy mildew"},{"type":"polygon","classId":1,"probability":100,"points":[1975.1,1279.7,2057.1,1380.2,2053,1447.8,1983.3,1398.6,1923.9,1339.2,1954.6,1314.6,1969,1279.7],"groupId":0,"pointLabels":{},"locked":false,"visible":true,"attributes":[],"className":"Downy mildew"}],"tags":[],"metadata":{"version":"1.0.0","name":"_DSC4719.JPG","status":"Completed"}}