{"instances":[{"type":"polygon","classId":1,"probability":100,"points":[5350.5,1331.8,5301.1,1315.4,5301.1,1274.2,5274.4,1257.8,5278.5,1222.8,5286.7,1206.4,5321.7,1210.5,5338.2,1222.8,5352.6,1251.6,5360.8,1294.8,5348.4,1323.6],"groupId":0,"pointLabels":{},"locked":false,"visible":true,"attributes":[],"className":"Downy mildew"},{"type":"polygon","classId":1,"probability":100,"points":[1035,742.3,1059,765,1067.4,803.4,1056.6,829.8,1055.4,835.8,1003.8,892.2,1001.4,871.8,1008.6,826.2,1003.8,819,1026.6,749.5,1031.4,747.1],"groupId":0,"pointLabels":{},"locked":false,"visible":true,"attributes":[],"className":"Downy mildew"},{"type":"polygon","classId":1,"probability":100,"points":[2616.3,1860.6,2641.3,1917.8,2714.6,1919.6,2762.9,1871.3,2757.6,1815.9,2718.2,1778.3,2700.3,1773,2661,1815.9,2661,1819.5,2623.4,1858.8],"groupId":0,"pointLabels":{},"locked":false,"visible":true,"attributes":[],"className":"Downy mildew"}],"tags":[],"metadata":{"version":"1.0.0","name":"_DSC4634.JPG","status":"Completed"}}