{"instances":[{"type":"polygon","classId":1,"probability":100,"points":[1845.9,1917.6,1899.6,1901.3,1903.4,1881.2,1880.4,1872.5,1877.5,1872.5,1838.3,1882.1,1821,1892.7,1848.8,1916.6],"groupId":0,"pointLabels":{},"locked":false,"visible":true,"attributes":[],"className":"Downy mildew"},{"type":"polygon","classId":1,"probability":100,"points":[1677,2090.2,1700.7,2146.7,1700.7,2149,1688.4,2181,1685.4,2182.5,1632,2146.7,1632,2142.8,1620.5,2090.2,1622,2086.4,1651,2074.9,1653.3,2074.9,1673.9,2088.7],"groupId":0,"pointLabels":{},"locked":false,"visible":true,"attributes":[],"className":"Downy mildew"},{"type":"polygon","classId":1,"probability":100,"points":[4244.4,1559,4160.7,1541,4135,1507.5,4151.7,1466.2,4174.9,1457.2,4243.2,1489.4,4270.2,1510,4252.2,1564.1],"groupId":0,"pointLabels":{},"locked":false,"visible":true,"attributes":[],"className":"Downy mildew"},{"type":"polygon","classId":1,"probability":100,"points":[4609.7,1209.6,4596.2,1136.6,4623.3,1071.7,4670.6,1028.4,4705.7,1021.6,4801.8,1037.8,4831.5,1050,4803.1,1096,4727.4,1169,4726,1171.7,4658.4,1206.9,4603,1208.2],"groupId":0,"pointLabels":{},"locked":false,"visible":true,"attributes":[],"className":"Downy mildew"},{"type":"polygon","classId":1,"probability":100,"points":[4512.4,1224.5,4481.3,1273.1,4390.7,1285.3,4308.2,1256.9,4306.8,1252.9,4302.8,1202.8,4351.4,1162.3,4428.5,1144.7,4429.9,1146,4439.3,1146,4489.4,1162.3,4513.7,1213.6,4513.7,1220.4],"groupId":0,"pointLabels":{},"locked":false,"visible":true,"attributes":[],"className":"Downy mildew"},{"type":"polygon","classId":1,"probability":100,"points":[3549.5,2033.6,3412.1,1995.3,3349,1939,3369.3,1884.9,3373.8,1884.9,3450.4,1860.1,3527,1893.9,3549.5,1968.2,3547.2,1968.2,3549.5,2033.6],"groupId":0,"pointLabels":{},"locked":false,"visible":true,"attributes":[],"className":"Downy mildew"},{"type":"polygon","classId":1,"probability":100,"points":[2914.5,1814,2843.7,1906.4,2841,1906.4,2841,1911.9,2748.5,1914.6,2715.9,1800.4,2781.2,1794.9,2781.2,1789.5,2832.9,1814,2900.9,1816.7],"groupId":0,"pointLabels":{},"locked":false,"visible":true,"attributes":[],"className":"Downy mildew"}],"tags":[],"metadata":{"version":"1.0.0","name":"_DSC4640_(1).JPG","status":"Completed"}}