{"instances":[{"type":"polygon","classId":1,"probability":100,"points":[2215.7,1054.8,2213.4,1093.5,2192.5,1129.8,2135.3,1120.6,2112.9,1078,2118.3,1047.1,2166.3,1031.6,2201.8,1044,2217.3,1052.5],"groupId":0,"pointLabels":{},"locked":false,"visible":true,"attributes":[],"className":"Downy mildew"},{"type":"polygon","classId":1,"probability":100,"points":[2511.8,2038.9,2540,2022.9,2607.5,2022.9,2629.6,2048.7,2639.4,2089.2,2625.9,2116.1,2574.4,2132.1,2513,2128.4,2493.4,2102.6,2488.5,2060.9,2506.9,2040.1],"groupId":0,"pointLabels":{},"locked":false,"visible":true,"attributes":[],"className":"Downy mildew"},{"type":"polygon","classId":1,"probability":100,"points":[2533.5,1689.5,2605.1,1644.9,2679.5,1580,2712,1580,2763.3,1670.6,2775.5,1696.3,2768.8,1711.1,2701.1,1731.4,2588.9,1749,2533.5,1713.8,2532.1,1686.8],"groupId":0,"pointLabels":{},"locked":false,"visible":true,"attributes":[],"className":"Downy mildew"}],"tags":[],"metadata":{"version":"1.0.0","name":"_DSC4593.JPG","status":"Completed"}}