{"instances":[{"type":"polygon","classId":1,"probability":100,"points":[2878.4,3285.5,2887.6,3330.5,2905,3337.7,2939.7,3313.1,2949.9,3299.9,2972.4,3285.5,2965.3,3254.9,2949.9,3237.5,2924.4,3237.5,2880.4,3281.4],"groupId":0,"pointLabels":{},"locked":false,"visible":true,"attributes":[],"className":"Downy mildew"},{"type":"polygon","classId":1,"probability":100,"points":[4906.2,2396.2,4867.5,2388,4813.6,2392.7,4779.6,2404.4,4771.4,2430.2,4778.5,2465.3,4837.1,2487.6,4895.7,2424.3,4900.4,2422,4908.6,2397.4],"groupId":0,"pointLabels":{},"locked":false,"visible":true,"attributes":[],"className":"Downy mildew"},{"type":"polygon","classId":1,"probability":100,"points":[1262.3,1620.4,1277.8,1651.4,1261.3,1674.7,1207.9,1683.5,1177.8,1677.6,1221.5,1651.4,1257.4,1624.2],"groupId":0,"pointLabels":{},"locked":false,"visible":true,"attributes":[],"className":"Downy mildew"},{"type":"polygon","classId":1,"probability":100,"points":[4498,2266.5,4489.6,2276.7,4478.6,2281.6,4462.7,2277.1,4452.9,2271.4,4456.9,2259.4,4449.4,2238.2,4454.7,2227.2,4466.2,2224.5,4471.5,2225,4483.9,2230.3,4490.5,2247.5,4495.8,2248.4,4497.6,2266.5],"groupId":0,"pointLabels":{},"locked":false,"visible":true,"attributes":[],"className":"Downy mildew"},{"type":"polygon","classId":1,"probability":100,"points":[2936.2,2875.7,2961.2,2938.3,3032.8,2961.6,3079.3,2936.5,3095.4,2899,3077.5,2861.4,3048.9,2870.3,3031,2866.8,2993.4,2875.7,2941.6,2877.5],"groupId":0,"pointLabels":{},"locked":false,"visible":true,"attributes":[],"className":"Downy mildew"},{"type":"polygon","classId":1,"probability":100,"points":[1885.8,1689.7,1845.7,1708.2,1804.1,1689.7,1794.1,1658.1,1821,1652.7,1847.2,1662.7,1880.4,1677.4,1885.8,1687.4],"groupId":0,"pointLabels":{},"locked":false,"visible":true,"attributes":[],"className":"Downy mildew"},{"type":"polygon","classId":1,"probability":100,"points":[2996.7,2402.1,2917.9,2383,2882.5,2312.3,2920.6,2271.5,3032.1,2274.2,3045.7,2347.7,3002.2,2393.9],"groupId":0,"pointLabels":{},"locked":false,"visible":true,"attributes":[],"className":"Downy mildew"}],"tags":[],"metadata":{"version":"1.0.0","name":"_DSC4529.JPG","status":"Completed"}}