{"instances":[{"type":"polygon","classId":1,"probability":100,"points":[2481.8,1805.7,2470.9,1849.3,2441.4,1899,2439.8,1899,2363.6,1962.8,2363.6,1964.4,2330.9,1967.5,2306.1,1916.1,2301.4,1875.7,2301.4,1849.3,2318.5,1832.2,2380.7,1807.3,2430.5,1797.9,2484.9,1805.7],"groupId":0,"pointLabels":{},"locked":false,"visible":true,"attributes":[],"className":"Downy mildew"},{"type":"polygon","classId":1,"probability":100,"points":[3862.6,2020.8,3830.5,2054.7,3800.2,2142.1,3769.9,2204.4,3828.7,2208,3855.5,2145.6,3859,2097.5,3898.2,2067.2,3908.9,2036.9,3869.7,2015.5],"groupId":0,"pointLabels":{},"locked":false,"visible":true,"attributes":[],"className":"Downy mildew"}],"tags":[],"metadata":{"version":"1.0.0","name":"_DSC4575.JPG","status":"Completed"}}