{"instances":[{"type":"polygon","classId":1,"probability":100,"points":[2857.8,1070.1,2819,1070.1,2811.9,1112.5,2870.2,1093,2856,1078.9],"groupId":0,"pointLabels":{},"locked":false,"visible":true,"attributes":[],"className":"Downy mildew"},{"type":"polygon","classId":1,"probability":100,"points":[557.2,1271.2,581.7,1231,624.6,1229.1,654.5,1240.6,676.7,1258.6,674.8,1275.8,644.9,1282,587.8,1285.4,561.8,1284.6,557.2,1269.3],"groupId":0,"pointLabels":{},"locked":false,"visible":true,"attributes":[],"className":"Downy mildew"},{"type":"polygon","classId":1,"probability":100,"points":[1847.3,1764.3,1825.8,1822.6,1825.8,1821.5,1697,1817.5,1694.9,1770.4,1751.2,1729.5,1795.1,1706,1839.1,1730.5,1848.3,1759.2],"groupId":0,"pointLabels":{},"locked":false,"visible":true,"attributes":[],"className":"Downy mildew"}],"tags":[],"metadata":{"version":"1.0.0","name":"_DSC4618.JPG","status":"Completed"}}