{"instances":[{"type":"polygon","classId":1,"probability":100,"points":[330.1,2216.1,276.9,2197.4,253,2182.8,247.7,2154.6,283.2,2151.5,322.8,2172.3,329.1,2192.1,333.2,2218.2],"groupId":0,"pointLabels":{},"locked":false,"visible":true,"attributes":[],"className":"Downy mildew"},{"type":"polygon","classId":1,"probability":100,"points":[2539.9,1318.1,2544.6,1228.7,2517.5,1198.1,2488.1,1180.5,2442.3,1186.4,2439.9,1188.7,2398.8,1201.7,2398.8,1204,2397.6,1204,2376.4,1239.3,2389.4,1289.9,2397.6,1298.1,2449.3,1299.3,2450.5,1300.5,2510.5,1314.6,2512.8,1316.9,2539.9,1316.9],"groupId":0,"pointLabels":{},"locked":false,"visible":true,"attributes":[],"className":"Downy mildew"}],"tags":[],"metadata":{"version":"1.0.0","name":"_DSC4727.JPG","status":"Completed"}}