{"instances":[{"type":"polygon","classId":1,"probability":100,"points":[2498.1,1276.6,2499.6,1278,2601.7,1272.3,2604.6,1270.8,2676.5,1268,2644.9,1303.9,2547.1,1326.9,2541.3,1325.5,2495.3,1296.7,2496.7,1276.6],"groupId":0,"pointLabels":{},"locked":false,"visible":true,"attributes":[],"className":"Downy mildew"},{"type":"polygon","classId":1,"probability":100,"points":[3567.7,2207.2,3635.8,2223.1,3694.1,2208.1,3713.5,2174.5,3669.3,2165.7,3626,2159.5,3614.6,2165.7,3567.7,2183.3,3562.4,2206.3],"groupId":0,"pointLabels":{},"locked":false,"visible":true,"attributes":[],"className":"Downy mildew"},{"type":"polygon","classId":1,"probability":100,"points":[2951.8,1829.7,2914.4,1895.5,2913.5,1901.7,2830.8,1978.2,2805.10009765625,1947,2805.89990234375,1933.699951171875,2815.7,1877.7,2905.5,1813.7,2905.5,1811.9,2939.3,1805.7,2948.2,1827],"groupId":0,"pointLabels":{},"locked":false,"visible":true,"attributes":[],"className":"Downy mildew"},{"type":"polygon","classId":1,"probability":100,"points":[2415,2094.1,2489.1,2083.8,2511.7,1993.3,2474.7,1927.5,2425.3,1902.8,2365.7,1923.4,2343.1,1983,2330.7,2044.7,2408.9,2094.1],"groupId":0,"pointLabels":{},"locked":false,"visible":true,"attributes":[],"className":"Downy mildew"}],"tags":[],"metadata":{"version":"1.0.0","name":"_DSC4788.JPG","status":"Completed"}}