{"instances":[{"type":"polygon","classId":1,"probability":100,"points":[2580.2,2126.2,2516.8,2051.6,2454.4,2069,2482,2107.8,2507.6,2101.7,2522.9,2138.5,2543.4,2147.7,2558.7,2175.3,2570,2149.8,2580.2,2137.5,2580.2,2127.3],"groupId":0,"pointLabels":{},"locked":false,"visible":true,"attributes":[],"className":"Downy mildew"},{"type":"polygon","classId":1,"probability":100,"points":[3713.6,1130.6,3783.1,1113.6,3783.1,1089.9,3760.2,1066.2,3728,1058.6,3705.2,1069.6,3686.5,1106,3711.9,1130.6],"groupId":0,"pointLabels":{},"locked":false,"visible":true,"attributes":[],"className":"Downy mildew"},{"type":"polygon","classId":1,"probability":100,"points":[3622.3,574.7,3664.3,545,3692.7,519.3,3725.1,499,3715.7,489.5,3690,482.8,3642.6,508.5,3623.7,542.3,3616.9,570.7],"groupId":0,"pointLabels":{},"locked":false,"visible":true,"attributes":[],"className":"Downy mildew"},{"type":"polygon","classId":1,"probability":100,"points":[2791,2942.2,2960.2,2890.4,2930.4,2830.7,2932.4,2776.9,2874.6,2763,2798.9,2780.9,2789,2788.9,2795,2834.7,2775.1,2848.6,2771.1,2846.6,2791,2934.2],"groupId":0,"pointLabels":{},"locked":false,"visible":true,"attributes":[],"className":"Downy mildew"},{"type":"polygon","classId":1,"probability":100,"points":[2780.6,2950.9,2759.4,3023.4,2665.8,3036.6,2665.8,3034.8,2618.1,2970.3,2600.4,2878.5,2627.8,2856.4,2759.4,2865.2,2781.5,2906.7,2784.2,2950.9],"groupId":0,"pointLabels":{},"locked":false,"visible":true,"attributes":[],"className":"Downy mildew"},{"type":"polygon","classId":1,"probability":100,"points":[2811,2958.8,2839.5,3093.9,2933.6,3115.2,2988.7,3047.7,3010.1,2997.9,3002.9,2971.3,2937.2,2946.4,2944.3,2916.2,2939,2902,2914.1,2932.2,2818.1,2958.8],"groupId":0,"pointLabels":{},"locked":false,"visible":true,"attributes":[],"className":"Downy mildew"},{"type":"polygon","classId":1,"probability":100,"points":[2894,3207.1,2851.2,3223.1,2805.4,3203.1,2790.4,3176.2,2823.3,3125.4,2875.1,3148.3,2908,3184.2,2916,3196.2,2896,3205.1],"groupId":0,"pointLabels":{},"locked":false,"visible":true,"attributes":[],"className":"Downy mildew"},{"type":"polygon","classId":1,"probability":100,"points":[2699.1,3173.5,2749.2,3179.5,2775.3,3249.7,2731.2,3323.8,2705.2,3333.8,2661.1,3323.8,2625,3283.7,2643,3235.6,2653.1,3195.6,2695.1,3173.5],"groupId":0,"pointLabels":{},"locked":false,"visible":true,"attributes":[],"className":"Downy mildew"}],"tags":[],"metadata":{"version":"1.0.0","name":"_DSC4746.JPG","status":"Completed"}}