{"instances":[{"type":"polygon","classId":1,"probability":100,"points":[408.7,3371.2,502.5,3345.2,539,3287.8,613.7,3247.9,585.9,3183.6,554.6,3131.5,473,3220.1,471.3,3223.6,412.2,3265.3,415.7,3265.3,413.9,3371.2],"groupId":0,"pointLabels":{},"locked":false,"visible":true,"attributes":[],"className":"Downy mildew"},{"type":"polygon","classId":1,"probability":100,"points":[467.5,3040.9,478.1,3149.1,519.2,3146.8,585.1,3098.5,573.3,3070.3,562.7,3072.7,556.9,3040.9,516.9,3036.2,526.3,3022.1,527.5,3022.1,527.5,3015.1,471,3033.9,468.7,3038.6],"groupId":0,"pointLabels":{},"locked":false,"visible":true,"attributes":[],"className":"Downy mildew"},{"type":"polygon","classId":1,"probability":100,"points":[2387.7,1812.1,2423.9,1820.7,2447.1,1813.5,2450,1796.1,2439.9,1774.4,2418.2,1752.7,2393.5,1741.1,2373.3,1745.5,2370.4,1773,2382,1806.3],"groupId":0,"pointLabels":{},"locked":false,"visible":true,"attributes":[],"className":"Downy mildew"},{"type":"polygon","classId":1,"probability":100,"points":[2609.5,1573.5,2635.5,1554.6,2618.9,1502.5,2588.2,1467.1,2571.6,1452.9,2562.2,1497.8,2569.3,1538,2581.1,1559.3,2602.4,1571.1],"groupId":0,"pointLabels":{},"locked":false,"visible":true,"attributes":[],"className":"Downy mildew"}],"tags":[],"metadata":{"version":"1.0.0","name":"_DSC4765.JPG","status":"Completed"}}