{"instances":[{"type":"polygon","classId":1,"probability":100,"points":[4847.8,2198.1,4864.9,2211,4827.4,2259.4,4808.6,2237.7,4808.2,2222.3,4844.5,2193.1,4848.6,2196.8],"groupId":0,"pointLabels":{},"locked":false,"visible":true,"attributes":[],"className":"Downy mildew"},{"type":"polygon","classId":1,"probability":100,"points":[4646,2451.8,4637.7,2484.8,4629.9,2504.1,4614.9,2510,4596,2497.8,4600.8,2476.2,4607.4,2462.4,4628.7,2447.1,4644.4,2450.6],"groupId":0,"pointLabels":{},"locked":false,"visible":true,"attributes":[],"className":"Downy mildew"},{"type":"polygon","classId":1,"probability":100,"points":[4673.8,2516.6,4714.7,2523.8,4747.4,2499.2,4755.6,2479.8,4737.2,2444,4710.6,2433.8,4677.9,2435.8,4656.4,2446.1,4654.4,2502.3,4668.7,2506.4,4672.8,2512.5],"groupId":0,"pointLabels":{},"locked":false,"visible":true,"attributes":[],"className":"Downy mildew"},{"type":"polygon","classId":1,"probability":100,"points":[2665.8,827.3,2740.5,814.8,2774.7,853.7,2773.1,933,2774.7,965.7,2773.1,967.2,2746.7,979.7,2637.8,987.4,2617.6,940.8,2627,872.4,2656.5,828.8],"groupId":0,"pointLabels":{},"locked":false,"visible":true,"attributes":[],"className":"Downy mildew"}],"tags":[],"metadata":{"version":"1.0.0","name":"_DSC4728.JPG","status":"Completed"}}