{"instances":[{"type":"polygon","classId":1,"probability":100,"points":[5568,2799.1,5553.9,2806.6,5537.7,2803.2,5533.7,2791.7,5533,2769.5,5541.8,2744.5,5568,2740.4,5568,2799.1],"groupId":0,"pointLabels":{},"locked":false,"visible":true,"attributes":[],"className":"Downy mildew"},{"type":"polygon","classId":1,"probability":100,"points":[5199.7,2865.9,5130.9,2817.3,5125.1,2794.6,5157.8,2778.7,5198,2780.4,5226.5,2798,5231.6,2802.2,5249.2,2821.5,5267.6,2834.9,5266.8,2867.6,5262.6,2874.3,5202.2,2867.6],"groupId":0,"pointLabels":{},"locked":false,"visible":true,"attributes":[],"className":"Downy mildew"},{"type":"polygon","classId":1,"probability":100,"points":[244.5,2137.5,257.7,2125.5,312.9,2112.3,354.9,2118.3,371.7,2160.2,386,2186.6,341.7,2191.4,282.9,2165,242.2,2162.6,224.2,2159,238.6,2145.9],"groupId":0,"pointLabels":{},"locked":false,"visible":true,"attributes":[],"className":"Downy mildew"}],"tags":[],"metadata":{"version":"1.0.0","name":"_DSC4611.JPG","status":"Completed"}}