{"instances":[{"type":"polygon","classId":1,"probability":100,"points":[2653.1,3182.9,2657.2,3182.9,2693,3168.6,2691.9,3136.9,2697.1,3134.8,2728.8,3109.3,2758.4,3120.5,2759.4,3124.6,2759.4,3152.2,2757.4,3154.3,2748.2,3181.9,2733.9,3200.3,2710.4,3224.8,2681.7,3239.1,2650,3188],"groupId":0,"pointLabels":{},"locked":false,"visible":true,"attributes":[],"className":"Downy mildew"},{"type":"polygon","classId":1,"probability":100,"points":[995.2,1337.3,967.5,1400.3,985.7,1472,939,1482.4,926.9,1426.3,922.6,1349.4,877.7,1350.3,864.7,1354.6,787.9,1368.4,793.9,1319.2,851.8,1312.3,906.2,1310.5,926.9,1319.2,947.7,1338.2,968.4,1328.7,1000.3,1336.4],"groupId":0,"pointLabels":{},"locked":false,"visible":true,"attributes":[],"className":"Downy mildew"},{"type":"polygon","classId":1,"probability":100,"points":[4965.9,783.1,4927.1,727.8,4968.3,678.4,5003.6,660.8,5001.2,700.8,4995.3,736,4991.8,740.7,4977.7,772.5,4964.8,784.3],"groupId":0,"pointLabels":{},"locked":false,"visible":true,"attributes":[],"className":"Downy mildew"},{"type":"polygon","classId":1,"probability":100,"points":[2580.3,2022.1,2496.8,2022.1,2479.8,1967.6,2575.2,1967.6,2588.8,1977.8,2592.2,2005.1,2585.4,2015.3],"groupId":0,"pointLabels":{},"locked":false,"visible":true,"attributes":[],"className":"Downy mildew"},{"type":"polygon","classId":1,"probability":100,"points":[2351.7,2099.4,2299.7,2087.6,2290.2,2030.8,2316.2,2007.2,2361.2,2035.6,2382.4,2071.1,2361.2,2097.1],"groupId":0,"pointLabels":{},"locked":false,"visible":true,"attributes":[],"className":"Downy mildew"}],"tags":[],"metadata":{"version":"1.0.0","name":"_DSC4823.JPG","status":"Completed"}}