{"instances":[{"type":"polygon","classId":1,"probability":100,"points":[4274.7,1200.6,4246.8,1240.4,4212.9,1248.9,4179,1236.2,4178.2,1215.9,4213.7,1200.6,4216.3,1168.4,4270.5,1193,4276.4,1198.1],"groupId":0,"pointLabels":{},"locked":false,"visible":true,"attributes":[],"className":"Downy mildew"},{"type":"polygon","classId":1,"probability":100,"points":[4480.1,1262.8,4445.4,1317.2,4446.4,1355.9,4473.2,1349.9,4495.9,1354.9,4525.6,1333.1,4514.7,1319.2,4509.8,1307.3,4505.8,1287.5,4497.9,1275.7,4485,1265.8],"groupId":0,"pointLabels":{},"locked":false,"visible":true,"attributes":[],"className":"Downy mildew"},{"type":"polygon","classId":1,"probability":100,"points":[4532.2,1425.7,4624.2,1393.3,4637.5,1391.9,4627.9,1444.1,4558.7,1454.4,4531.4,1423.5],"groupId":0,"pointLabels":{},"locked":false,"visible":true,"attributes":[],"className":"Downy mildew"},{"type":"polygon","classId":1,"probability":100,"points":[941.7,2268.3,982.4,2277.4,1022.2,2332.5,1008.6,2348.8,986.9,2355.1,961.6,2335.2,940.8,2301.8,941.7,2266.5],"groupId":0,"pointLabels":{},"locked":false,"visible":true,"attributes":[],"className":"Downy mildew"},{"type":"polygon","classId":1,"probability":100,"points":[2850.4,2003.5,2840.9,2006.2,2776,2015.7,2740.8,1979.2,2727.3,1926.4,2758.4,1895.3,2828.7,1885.9,2847.7,1904.8,2854.4,1945.4,2851.7,1994,2846.3,2004.9],"groupId":0,"pointLabels":{},"locked":false,"visible":true,"attributes":[],"className":"Downy mildew"}],"tags":[],"metadata":{"version":"1.0.0","name":"_DSC4633.JPG","status":"Completed"}}