{"instances":[{"type":"polygon","classId":1,"probability":100,"points":[1509.2,2459.3,1496.4,2459.3,1490,2456.1,1489.6,2455.4,1492.1,2447.2,1507.4,2436.9,1524.1,2429.8,1525.6,2435.1,1524.8,2443.3,1523.4,2446.9,1517,2455,1507.4,2459],"groupId":0,"pointLabels":{},"locked":false,"visible":true,"attributes":[],"className":"Downy mildew"},{"type":"polygon","classId":1,"probability":100,"points":[2955.6,2783,2923.9,2796.6,2878.6,2805.7,2842.4,2793.6,2849.9,2760.4,2872.6,2725.6,2911.8,2721.1,2955.6,2783],"groupId":0,"pointLabels":{},"locked":false,"visible":true,"attributes":[],"className":"Downy mildew"},{"type":"polygon","classId":1,"probability":100,"points":[212.9,1791.1,235.8,1781.6,241.3,1781.6,278.4,1769,290.2,1765.9,298.1,1802.1,283.1,1819.5,273.6,1821.1,231.8,1817.1,214.5,1811.6,212.1,1791.1],"groupId":0,"pointLabels":{},"locked":false,"visible":true,"attributes":[],"className":"Downy mildew"}],"tags":[],"metadata":{"version":"1.0.0","name":"_DSC5677.JPG","status":"Completed"}}