{"instances":[{"type":"polygon","classId":1,"probability":100,"points":[3956.5,1683.2,3954.7,1660.7,3959.7,1635.4,3972.2,1612.9,3981.1,1627.2,3986.1,1648.2,3984.3,1682.1,3982.9,1686,3967.9,1687.1,3956.5,1683.5],"groupId":0,"pointLabels":{},"locked":false,"visible":true,"attributes":[],"className":"Downy mildew"},{"type":"polygon","classId":1,"probability":100,"points":[3003.1,1923.7,3003.1,1925.3,2998.5,1928.4,2972,1930,2939.4,1900.4,2928.5,1850.7,2923.8,1819.6,2947.1,1818,2975.1,1833.5,3004.7,1884.9,3009.4,1920.6],"groupId":0,"pointLabels":{},"locked":false,"visible":true,"attributes":[],"className":"Downy mildew"}],"tags":[],"metadata":{"version":"1.0.0","name":"_DSC5728.JPG","status":"Completed"}}