{"instances":[{"type":"polygon","classId":1,"probability":100,"points":[1242.4,1993.4,1255.1,1963.9,1267.8,1952.7,1285.6,1953.2,1306.9,1958.3,1307.9,1970,1287.6,1977.1,1257.1,1991.3,1240.3,1995.4],"groupId":0,"pointLabels":{},"locked":false,"visible":true,"attributes":[],"className":"Downy mildew"},{"type":"polygon","classId":1,"probability":100,"points":[4043.3,1859.8,4018.2,1885.7,4000.6,1906.6,3997.3,1866.5,4009.8,1843.1,4041.6,1857.3],"groupId":0,"pointLabels":{},"locked":false,"visible":true,"attributes":[],"className":"Downy mildew"},{"type":"polygon","classId":1,"probability":100,"points":[4364.5,1558.8,4369.3,1578.1,4361.6,1604.1,4345.2,1643.7,4355.8,1662,4348.1,1675.5,4330.7,1661,4310.4,1628.3,4309.5,1620.5,4310.4,1585.8,4326.8,1560.7,4368.3,1554],"groupId":0,"pointLabels":{},"locked":false,"visible":true,"attributes":[],"className":"Downy mildew"},{"type":"polygon","classId":1,"probability":100,"points":[5308.7,2763.1,5259,2759.9,5259,2758.4,5237.2,2806.6,5279.2,2829.9,5313.4,2823.7,5315,2759.9],"groupId":0,"pointLabels":{},"locked":false,"visible":true,"attributes":[],"className":"Downy mildew"},{"type":"polygon","classId":1,"probability":100,"points":[4592,639.2,4638.3,626.3,4638.3,625.2,4671.7,642.4,4667.4,645.7,4650.1,668.3,4592,731.9,4592,734,4564,738.3,4562.9,737.2,4560.7,710.3,4562.9,707.1,4588.7,640.3],"groupId":0,"pointLabels":{},"locked":false,"visible":true,"attributes":[],"className":"Downy mildew"},{"type":"polygon","classId":1,"probability":100,"points":[3400.8,1454.8,3430.2,1445,3466.2,1453.3,3472.4,1470.3,3471.4,1471.8,3466.7,1491.4,3421.4,1517.1,3391.5,1519.7,3381.7,1502.2,3431.7,1492.9,3429.6,1468.7,3407,1470.8,3398.7,1469.7,3398.2,1455.8],"groupId":0,"pointLabels":{},"locked":false,"visible":true,"attributes":[],"className":"Downy mildew"},{"type":"polygon","classId":1,"probability":100,"points":[4208.1,1621.9,4241,1624.3,4276.8,1603,4298.1,1591.4,4308.8,1558.5,4305.4,1548.8,4261.8,1575.9,4251.7,1584.6,4198.9,1586.1,4192.6,1583.2,4191.1,1591.4,4203.7,1608.8,4207.6,1620.9],"groupId":0,"pointLabels":{},"locked":false,"visible":true,"attributes":[],"className":"Downy mildew"},{"type":"polygon","classId":1,"probability":100,"points":[4173.6,1645.9,4175.9,1689.7,4156.6,1723.6,4128.6,1737.6,4102.3,1730,4098.8,1714.8,4118.6,1683.3,4146.7,1648.8,4173,1642.3],"groupId":0,"pointLabels":{},"locked":false,"visible":true,"attributes":[],"className":"Downy mildew"},{"type":"polygon","classId":1,"probability":100,"points":[4222.2,1695.5,4284.6,1691.4,4306.1,1652.5,4297.9,1616.7,4278.5,1613.7,4245.8,1636.1,4221.2,1649.4,4225.3,1691.4],"groupId":0,"pointLabels":{},"locked":false,"visible":true,"attributes":[],"className":"Downy mildew"},{"type":"polygon","classId":1,"probability":100,"points":[4285.6,1778.3,4333.7,1760.9,4350.1,1732.3,4355.2,1771.1,4353.1,1801.8,4293.8,1802.8,4293.8,1803.8,4284.6,1774.2],"groupId":0,"pointLabels":{},"locked":false,"visible":true,"attributes":[],"className":"Downy mildew"},{"type":"polygon","classId":1,"probability":100,"points":[4353.1,1695.5,4327.6,1748.6,4325.5,1750.7,4229.4,1777.3,4317.3,1696.5,4352.1,1693.4,4350.1,1695.5],"groupId":0,"pointLabels":{},"locked":false,"visible":true,"attributes":[],"className":"Downy mildew"},{"type":"polygon","classId":1,"probability":100,"points":[4604.4,1995.7,4664.8,2033.3,4697.5,2013.4,4695.4,1960.1,4684.7,1928.9,4648.5,1891.9,4590.9,1897.6,4559.6,1923.9,4558.2,1962.3,4605.8,1996.4],"groupId":0,"pointLabels":{},"locked":false,"visible":true,"attributes":[],"className":"Downy mildew"},{"type":"polygon","classId":1,"probability":100,"points":[1941,2142.7,2005.9,2128.5,2005.9,2114.4,1999.8,2111.3,1969.4,2107.3,1943.1,2108.3,1931.9,2125.5,1941,2138.7],"groupId":0,"pointLabels":{},"locked":false,"visible":true,"attributes":[],"className":"Downy mildew"},{"type":"polygon","classId":1,"probability":100,"points":[2323.6,2245.3,2372.3,2253.4,2399.3,2234.5,2381.8,2198,2369.6,2181.7,2335.8,2187.2,2310.1,2207.4,2311.4,2237.2,2337.1,2246.7,2323.6,2243.9],"groupId":0,"pointLabels":{},"locked":false,"visible":true,"attributes":[],"className":"Downy mildew"},{"type":"polygon","classId":1,"probability":100,"points":[2388.5,2269.6,2450.7,2330.5,2502.1,2284.5,2502.1,2275.1,2491.3,2245.3,2419.6,2245.3,2385.8,2266.9],"groupId":0,"pointLabels":{},"locked":false,"visible":true,"attributes":[],"className":"Downy mildew"}],"tags":[],"metadata":{"version":"1.0.0","name":"_DSC5748.JPG","status":"Completed"}}