{"instances":[{"type":"polygon","classId":1,"probability":100,"points":[4695.6,1037.7,4655.9,1031.2,4652.2,1025.6,4666.4,1019.4,4675.1,1017.9,4682.3,1017.9,4699.3,1022.9,4703.7,1030,4701.5,1035.6,4696.2,1038.1],"groupId":0,"pointLabels":{},"locked":false,"visible":true,"attributes":[],"className":"Downy mildew"},{"type":"polygon","classId":1,"probability":100,"points":[5008.3,970.3,4970,965,4932.7,962.3,4921.1,979.2,4921.1,981,4930.9,1007.7,4945.1,1016.6,4958.5,1012.1,4978.9,1015.7,4998.5,1016.6,5016.3,1013,5027,1002.3,5019.8,983.7,5010.9,973],"groupId":0,"pointLabels":{},"locked":false,"visible":true,"attributes":[],"className":"Downy mildew"},{"type":"polygon","classId":1,"probability":100,"points":[4578.6,874.6,4565.5,893.1,4567.8,912.4,4587.1,917.8,4593.3,907.8,4597.9,893.1,4604.1,886.2,4580.2,874.6],"groupId":0,"pointLabels":{},"locked":false,"visible":true,"attributes":[],"className":"Downy mildew"},{"type":"polygon","classId":1,"probability":100,"points":[2607.7,2679.1,2577.1,2712.8,2536.2,2728.2,2505.5,2703.6,2501.4,2698.5,2493.2,2643.3,2506.5,2610.6,2555.6,2605.5,2580.1,2599.3,2616.9,2605.5,2631.3,2626.9,2628.2,2655.6,2608.8,2678.1],"groupId":0,"pointLabels":{},"locked":false,"visible":true,"attributes":[],"className":"Downy mildew"}],"tags":[],"metadata":{"version":"1.0.0","name":"_DSC5671.JPG","status":"Completed"}}