{"instances":[{"type":"polygon","classId":1,"probability":100,"points":[5272.9,1981.8,5308.4,1986.4,5280.6,2035.7,5262.1,2064.9,5254.4,2055.7,5256,2048,5246.7,2041.8,5239,2031,5260.6,2014.1,5277.5,1986.4],"groupId":0,"pointLabels":{},"locked":false,"visible":true,"attributes":[],"className":"Downy mildew"},{"type":"polygon","classId":1,"probability":100,"points":[3149.6,2264.3,3180.7,2238.6,3236.2,2225.1,3297,2269.7,3292.9,2313,3294.3,2348.2,3288.9,2350.9,3276.7,2372.5,3206.4,2379.3,3146.9,2326.5,3151,2272.5],"groupId":0,"pointLabels":{},"locked":false,"visible":true,"attributes":[],"className":"Downy mildew"}],"tags":[],"metadata":{"version":"1.0.0","name":"_DSC5722.JPG","status":"Completed"}}