{"instances":[{"type":"polygon","classId":1,"probability":100,"points":[5138.5,1011.4,5128.5,1024.1,5121.3,1025.9,5112.2,1017.7,5115.8,1002.3,5134,996.9,5142.1,1001.4,5140.3,1007.7],"groupId":0,"pointLabels":{},"locked":false,"visible":true,"attributes":[],"className":"Downy mildew"},{"type":"polygon","classId":1,"probability":100,"points":[436.5,2045.4,413.2,2039.8,407.6,2037,391.4,2022.2,399.9,2009.6,426.6,1998.3,447,1997.6,445.6,2015.9,439.3,2042.6],"groupId":0,"pointLabels":{},"locked":false,"visible":true,"attributes":[],"className":"Downy mildew"},{"type":"polygon","classId":1,"probability":100,"points":[3055.7,1674.7,3055.1,1674,3028.2,1689.5,3002.6,1663.3,2995.2,1653.9,2987.2,1652.5,2974.4,1635,2963.6,1610.2,2966.3,1578.6,2993.2,1565.8,3020.1,1566.5,3036.9,1583.3,3053,1605.5,3061.10009765625,1634.4000244140625,3054.4,1674],"groupId":0,"pointLabels":{},"locked":false,"visible":true,"attributes":[],"className":"Downy mildew"}],"tags":[],"metadata":{"version":"1.0.0","name":"_DSC5745.JPG","status":"Completed"}}