{"instances":[{"type":"polygon","classId":1,"probability":100,"points":[1484.2,2136.8,1458.2,2104.4,1434.9,2067.3,1438.6,2048.2,1475.7,2045,1503.3,2056.1,1507.6,2069.9,1494.3,2086.9,1485.8,2120.3,1486.3,2138.3],"groupId":0,"pointLabels":{},"locked":false,"visible":true,"attributes":[],"className":"Downy mildew"},{"type":"polygon","classId":1,"probability":100,"points":[1215.2,1961.1,1200.8,1941.5,1199.7,1939.4,1196.6,1911,1224,1906.9,1240.1,1925.5,1240.6,1932.7,1214.2,1943,1214.2,1952.3],"groupId":0,"pointLabels":{},"locked":false,"visible":true,"attributes":[],"className":"Downy mildew"},{"type":"polygon","classId":1,"probability":100,"points":[813.1,2028.6,773.5,2035.3,743.6,2049.4,736.3,2014,768,2005.5,805.2,2006.7,821.1,2020.1,816.2,2031.1],"groupId":0,"pointLabels":{},"locked":false,"visible":true,"attributes":[],"className":"Downy mildew"},{"type":"polygon","classId":1,"probability":100,"points":[2956.5,1552.7,2976.4,1505.3,2978.3,1479.7,2961.2,1480.6,2929,1524.3,2910.9,1552.7,2918.5,1567.9,2957.4,1555.6],"groupId":0,"pointLabels":{},"locked":false,"visible":true,"attributes":[],"className":"Downy mildew"},{"type":"polygon","classId":1,"probability":100,"points":[3083,1556.3,3078.8,1535.9,3068.2,1524.4,3053.3,1546.6,3051.5,1564.2,3050.1,1566.9,3050.1,1568.8,3052.4,1610.4,3053.8,1615,3067.2,1596.1,3076,1591.5,3083,1556.8],"groupId":0,"pointLabels":{},"locked":false,"visible":true,"attributes":[],"className":"Downy mildew"},{"type":"polygon","classId":1,"probability":100,"points":[3089,1497.8,3075,1479.2,3088.2,1455.2,3108.3,1441.3,3124.5,1452.9,3123.8,1460.6,3121.4,1461.4,3104.4,1480,3090.5,1497.8],"groupId":0,"pointLabels":{},"locked":false,"visible":true,"attributes":[],"className":"Downy mildew"},{"type":"polygon","classId":1,"probability":100,"points":[2990.3,1054.5,3037.8,1018.5,3054.4,1044.2,3036.5,1055.8,3024.9,1058.3,3018.5,1084,2987.7,1081.4,2985.1,1059.6],"groupId":0,"pointLabels":{},"locked":false,"visible":true,"attributes":[],"className":"Downy mildew"},{"type":"polygon","classId":1,"probability":100,"points":[3293.5,388.5,3339.4,395.3,3354.3,411.5,3321.9,448,3292.1,517,3247.5,514.3,3242.1,471,3258.3,416.9,3293.5,385.8],"groupId":0,"pointLabels":{},"locked":false,"visible":true,"attributes":[],"className":"Downy mildew"},{"type":"polygon","classId":1,"probability":100,"points":[2198.8,1352.8,2235.3,1325.8,2231.2,1292,2186.6,1285.2,2148.8,1287.9,2131.2,1328.5,2152.8,1352.8,2196.1,1354.2],"groupId":0,"pointLabels":{},"locked":false,"visible":true,"attributes":[],"className":"Downy mildew"},{"type":"polygon","classId":1,"probability":100,"points":[3975.6,2622.4,3944,2631.1,3927.3,2668,3927.3,2705.8,3954.5,2711.9,3973,2681.2,3976.5,2625.9],"groupId":0,"pointLabels":{},"locked":false,"visible":true,"attributes":[],"className":"Downy mildew"},{"type":"polygon","classId":1,"probability":100,"points":[3494.7,1874.2,3508.6,1923.6,3545.8,1960.9,3585.7,1965.2,3592.6,1937.5,3562.3,1901.9,3526.7,1876,3493.8,1876],"groupId":0,"pointLabels":{},"locked":false,"visible":true,"attributes":[],"className":"Downy mildew"},{"type":"polygon","classId":1,"probability":100,"points":[3339.2,1888.9,3378.1,1858.3,3375.7,1811.3,3351,1764.2,3314.6,1746.6,3245.2,1756,3245.2,1757.2,3214.6,1784.2,3211.1,1828.9,3227.5,1863,3273.4,1886.5,3340.4,1888.9],"groupId":0,"pointLabels":{},"locked":false,"visible":true,"attributes":[],"className":"Downy mildew"},{"type":"polygon","classId":1,"probability":100,"points":[1138.5,2154.1,1172.6,2142.3,1172.6,2101.1,1157.4,2078.8,1105.6,2083.5,1073.9,2110.5,1075,2139.9,1109.1,2157.6,1128,2156.4],"groupId":0,"pointLabels":{},"locked":false,"visible":true,"attributes":[],"className":"Downy mildew"},{"type":"polygon","classId":1,"probability":100,"points":[1152.7,2167,1186.8,2143.5,1260.8,2143.5,1265.5,2183.5,1253.8,2210.5,1226.7,2234,1218.5,2234,1150.3,2201.1,1150.3,2163.5],"groupId":0,"pointLabels":{},"locked":false,"visible":true,"attributes":[],"className":"Downy mildew"}],"tags":[],"metadata":{"version":"1.0.0","name":"_DSC5747.JPG","status":"Completed"}}