{"instances":[{"type":"polygon","classId":1,"probability":100,"points":[2158.1,2389.2,2126.1,2370.6,2144.6,2352.9,2165.7,2360.5,2175,2370.6,2176.7,2380.7,2164,2389.2,2161.5,2389.2],"groupId":0,"pointLabels":{},"locked":false,"visible":true,"attributes":[],"className":"Downy mildew"},{"type":"polygon","classId":1,"probability":100,"points":[283.4,1916.3,283.4,1935.4,275,1953.3,255.9,1958.1,241.5,1949.7,239.1,1937.8,265.4,1913.9,279.8,1913.9],"groupId":0,"pointLabels":{},"locked":false,"visible":true,"attributes":[],"className":"Downy mildew"},{"type":"polygon","classId":1,"probability":100,"points":[3300.9,1821.7,3297.9,1808.7,3301.3,1800.6,3337.8,1787.9,3347.1,1792.5,3349.4,1812.5,3344.8,1826,3337.1,1836.7,3324,1848.3,3289,1849,3283.3,1847.9,3280.6,1841.4,3282.9,1834.4,3289.8,1826.4,3300.9,1823.7],"groupId":0,"pointLabels":{},"locked":false,"visible":true,"attributes":[],"className":"Downy mildew"}],"tags":[],"metadata":{"version":"1.0.0","name":"_DSC5660.JPG","status":"Completed"}}