{"instances":[{"type":"polygon","classId":1,"probability":100,"points":[2305.5,899.4,2280,913.9,2274.5,946.8,2280,966.8,2320.1,965,2320.1,963.2,2358.4,939.5,2343.8,913.9,2323.7,906.7,2309.1,895.7],"groupId":0,"pointLabels":{},"locked":false,"visible":true,"attributes":[],"className":"Downy mildew"},{"type":"polygon","classId":1,"probability":100,"points":[2967.4,2094.9,2915.6,2113.7,2868.6,2122,2854.5,2109,2862.7,2074.9,2875.6,2053.7,2922.7,2036.1,2960.3,2033.8,2977.9,2039.6,2969.7,2057.3,2976.8,2077.3,2969.7,2097.3],"groupId":0,"pointLabels":{},"locked":false,"visible":true,"attributes":[],"className":"Downy mildew"}],"tags":[],"metadata":{"version":"1.0.0","name":"_DSC5659.JPG","status":"Completed"}}