{"instances":[{"type":"polygon","classId":1,"probability":100,"points":[3148.4,1748.1,3122.7,1773.8,3110.5,1781.8,3104,1774.8,3109.1,1764,3135.300048828125,1745.800048828125,3146,1741.6],"groupId":0,"pointLabels":{},"locked":false,"visible":true,"attributes":[],"className":"Downy mildew"},{"type":"polygon","classId":1,"probability":100,"points":[3131.6,1669.5,3138.9,1687.2,3128.7,1708.4,3109.6,1719.5,3084.6,1718,3074.4,1709.9,3075.8,1690.1,3126.5,1665.1,3130.1,1666.6],"groupId":0,"pointLabels":{},"locked":false,"visible":true,"attributes":[],"className":"Downy mildew"},{"type":"polygon","classId":1,"probability":100,"points":[424.5,1812.1,421.1,1813.4,405,1828.2,388.9,1836.2,379.6,1842.2,368.2,1857,339.3,1850.3,305.8,1828.8,301.1,1792,330.6000061035156,1773.199951171875,371.5,1769.2,407,1793.3,423.1,1809.4],"groupId":0,"pointLabels":{},"locked":false,"visible":true,"attributes":[],"className":"Downy mildew"}],"tags":[],"metadata":{"version":"1.0.0","name":"_DSC5685.JPG","status":"Completed"}}