{"instances":[{"type":"polygon","classId":1,"probability":100,"points":[1606.9,2476.1,1627.2,2494.4,1644.5,2499.5,1651.6,2485.2,1660.3,2463.9,1649.6,2446.6,1635.4,2442,1616.5,2442,1598.2,2444,1605.4,2451.2,1606.9,2460.3,1604.9,2474],"groupId":0,"pointLabels":{},"locked":false,"visible":true,"attributes":[],"className":"Downy mildew"},{"type":"polygon","classId":1,"probability":100,"points":[3920.7,1734.3,3903.7,1734.8,3903.2,1724.5,3912.9,1719.7,3916.3,1719.7,3924.1,1721.6,3926.1,1727,3920.7,1733.8],"groupId":0,"pointLabels":{},"locked":false,"visible":true,"attributes":[],"className":"Downy mildew"},{"type":"polygon","classId":1,"probability":100,"points":[3640.8,1825.3,3634.8,1858.8,3628.1,1878.9,3587.9,1868.8,3584.6,1859.4,3563.1,1832.6,3599.3,1825.9,3642.9,1824.6],"groupId":0,"pointLabels":{},"locked":false,"visible":true,"attributes":[],"className":"Downy mildew"},{"type":"polygon","classId":1,"probability":100,"points":[3382.6,2996.5,3377.4,3037.4,3376.4,3058.9,3375.4,3058.9,3361.1,3102.9,3358,3104.9,3328.4,3111.1,3300.7,3051.8,3295.6,3024.1,3272.1,3024.1,3272.1,3022.1,3273.1,3020.1,3302.8,3000.6,3346.8,2968.9,3359,2972,3383.6,2994.5],"groupId":0,"pointLabels":{},"locked":false,"visible":true,"attributes":[],"className":"Downy mildew"}],"tags":[],"metadata":{"version":"1.0.0","name":"_DSC5754_(1).JPG","status":"Completed"}}