{"instances":[{"type":"polygon","classId":1,"probability":100,"points":[4573.6,2443.6,4557.1,2447.6,4515.6,2439.1,4517.6,2427.1,4520.6,2416.1,4543.1,2418.6,4565.6,2423.6,4574.1,2428.6,4577.6,2438.6,4573.6,2443.6],"groupId":0,"pointLabels":{},"locked":false,"visible":true,"attributes":[],"className":"Downy mildew"},{"type":"polygon","classId":1,"probability":100,"points":[3340.2,2214.8,3278,2217.1,3277.1,2207.2,3298.7,2198.2,3314.5,2186.9,3346.5,2182.4,3352.8,2189.1,3349.7,2200.9,3342,2213.9],"groupId":0,"pointLabels":{},"locked":false,"visible":true,"attributes":[],"className":"Downy mildew"},{"type":"polygon","classId":1,"probability":100,"points":[3203.4,2122.1,3174,2115,3139.3,2110.5,3142.9,2095.4,3176.7,2082.1,3225.6,2089.2,3237.2,2103.4,3241.6,2123,3234.5,2128.3,3218.5,2128.3,3206,2124.8],"groupId":0,"pointLabels":{},"locked":false,"visible":true,"attributes":[],"className":"Downy mildew"},{"type":"polygon","classId":1,"probability":100,"points":[2988.9,2211.3,2981.8,2174.9,2997.1,2172.5,2998.3,2176.1,3031.2,2177.2,3037.1,2192.5,3026.5,2209,2992.4,2211.3],"groupId":0,"pointLabels":{},"locked":false,"visible":true,"attributes":[],"className":"Downy mildew"}],"tags":[],"metadata":{"version":"1.0.0","name":"_DSC5863.JPG","status":"Completed"}}