{"instances":[{"type":"polygon","classId":1,"probability":100,"points":[4558.5,768.5,4592.2,752.2,4607.2,739.8,4602.2,725.4,4570.4,732.3,4552.9,753.5,4556.7,768.5],"groupId":0,"pointLabels":{},"locked":false,"visible":true,"attributes":[],"className":"Downy mildew"},{"type":"polygon","classId":1,"probability":100,"points":[4851.1,704.9,4844.1,720.9,4845.4,763.2,4847.9,784.3,4870.4,783.7,4876.8,762.5,4875.5,726,4870.4,711.9,4855,704.9],"groupId":0,"pointLabels":{},"locked":false,"visible":true,"attributes":[],"className":"Downy mildew"},{"type":"polygon","classId":1,"probability":100,"points":[4427.7,1490.6,4382.8,1486.2,4346.6,1490.1,4356.8,1471.8,4369.3,1461.6,4385.2,1457.8,4400.7,1455.8,4414.2,1461.1,4422.9,1473.7,4429.2,1489.1],"groupId":0,"pointLabels":{},"locked":false,"visible":true,"attributes":[],"className":"Downy mildew"},{"type":"polygon","classId":1,"probability":100,"points":[4083.3,237.5,4097.60009765625,270.20001220703125,4092.5,305,4087.4,341.8,4072.1,355.1,4051.6,347.9,4032.2,332.6,4030.1,327.5,4025,299.9,4025,292.7,4044.5,249.8,4076.2,233.4,4081.3,234.4],"groupId":0,"pointLabels":{},"locked":false,"visible":true,"attributes":[],"className":"Downy mildew"},{"type":"polygon","classId":1,"probability":100,"points":[3223.9,2574.1,3185.6,2570.5,3141.8,2557.7,3127.2,2515.8,3143.7,2477.5,3192.89990234375,2484.800048828125,3222.10009765625,2477.5,3238.5,2499.3,3247.6,2526.7,3249.4,2550.4,3225.7,2568.6],"groupId":0,"pointLabels":{},"locked":false,"visible":true,"attributes":[],"className":"Downy mildew"}],"tags":[],"metadata":{"version":"1.0.0","name":"_DSC5695.JPG","status":"Completed"}}