{"instances":[{"type":"polygon","classId":1,"probability":100,"points":[3921.9,1995.7,3900.5,2001.9,3877.4,1998.3,3865.8,1981.4,3875.6,1961,3886.3,1954.8,3904.1,1949.4,3924.5,1955.7,3933.4,1961.9,3930.8,1986.8,3923.6,1995.7],"groupId":0,"pointLabels":{},"locked":false,"visible":true,"attributes":[],"className":"Downy mildew"},{"type":"polygon","classId":1,"probability":100,"points":[3111.8,2241.6,3066.6,2233.4,3035.7,2190.2,3054.2,2134.7,3099.5,2114.1,3153,2134.7,3177.6,2161.4,3175.6,2196.4,3148.8,2229.3,3120,2243.7],"groupId":0,"pointLabels":{},"locked":false,"visible":true,"attributes":[],"className":"Downy mildew"}],"tags":[],"metadata":{"version":"1.0.0","name":"_DSC5706.JPG","status":"Completed"}}