{"instances":[{"type":"polygon","classId":1,"probability":100,"points":[5139.6,2434.4,5128.9,2439.8,5113.4,2453.5,5080.6,2454.7,5084.8,2439.2,5093.1,2424.3,5109.8,2424.9,5142.6,2432.6],"groupId":0,"pointLabels":{},"locked":false,"visible":true,"attributes":[],"className":"Downy mildew"},{"type":"polygon","classId":1,"probability":100,"points":[438.9,2822.7,403.5,2835.7,388.8,2854.7,380.2,2802.9,391.4,2764,409.6,2746.7,425.1,2753.6,427.7,2787.3,436.3,2808,442.4,2818.4],"groupId":0,"pointLabels":{},"locked":false,"visible":true,"attributes":[],"className":"Downy mildew"},{"type":"polygon","classId":1,"probability":100,"points":[548,1682.6,595.3,1694.2,622,1733.3,622,1752.5,567.8,1755.3,559.6,1759.4,540.4,1764.9,517.1,1764.2,504.8,1783.4,477.3,1766.9,467.7,1712.1,468.4,1705.9,490.4,1682.6,500,1678.5,547.3,1680.5],"groupId":0,"pointLabels":{},"locked":false,"visible":true,"attributes":[],"className":"Downy mildew"},{"type":"polygon","classId":1,"probability":100,"points":[1586.0999755859375,2063.199951171875,1606.7,2066.4,1611.5,2066.9,1630,2065.9,1630.5,2064.8,1627.4,2028.8,1609.9,2002.9,1591.4,1985.5,1569.7,1980.2,1568.1,1981.8,1525.3,1995.5,1488.3,2000.8,1498.4,2026.2,1569.7,2059.5,1578.699951171875,2062.10009765625],"groupId":0,"pointLabels":{},"locked":false,"visible":true,"attributes":[],"className":"Downy mildew"},{"type":"polygon","classId":1,"probability":100,"points":[3531.3,1997.8,3424.3,1927.9,3500.4,1860,3492.2,1858,3551.8,1890.9,3537.4,2001.9],"groupId":0,"pointLabels":{},"locked":false,"visible":true,"attributes":[],"className":"Downy mildew"}],"tags":[],"metadata":{"version":"1.0.0","name":"_DSC5750.JPG","status":"Completed"}}