{"instances":[{"type":"polygon","classId":1,"probability":100,"points":[2975.5,1668,2960.7,1636.4,2949.9,1621.6,2949.9,1620.2,2931.8,1606.8,2900.8,1600.7,2877.3,1603.4,2863.2,1612.9,2865.2,1633.7,2871.2,1645.1,2890.1,1666.6,2906.2,1655.9,2943.9,1658.6,2972.8,1665.3],"groupId":0,"pointLabels":{},"locked":false,"visible":true,"attributes":[],"className":"Downy mildew"},{"type":"polygon","classId":1,"probability":100,"points":[3788.1,2281.7,3756.9,2304.8,3729.4,2315.5,3692,2307.5,3681.4,2293.3,3680.5,2267.5,3708.9,2253.3,3744.5,2244.4,3770.3,2242.6,3785.4,2256.8,3789,2278.1],"groupId":0,"pointLabels":{},"locked":false,"visible":true,"attributes":[],"className":"Downy mildew"}],"tags":[],"metadata":{"version":"1.0.0","name":"_DSC5678.JPG","status":"Completed"}}