{"instances":[{"type":"polygon","classId":1,"probability":100,"points":[3805.2,1313.3,3797.8,1328.3,3774.3,1327.2,3772.2,1310.1,3778.6,1303.7,3791.4,1301.6,3801,1308],"groupId":0,"pointLabels":{},"locked":false,"visible":true,"attributes":[],"className":"Downy mildew"},{"type":"polygon","classId":1,"probability":100,"points":[1354.8,2490.7,1357.5,2458.7,1361.9,2448.9,1392.2,2433.8,1400.2,2432,1401.1,2445.4,1413.5,2433.8,1433.1,2430.3,1452.6,2458.7,1450,2485.4,1441.1,2496.1,1412.6,2516.5,1395.7,2509.4,1395.7,2508.5,1368.2,2504.1,1354.8,2491.6],"groupId":0,"pointLabels":{},"locked":false,"visible":true,"attributes":[],"className":"Downy mildew"},{"type":"polygon","classId":1,"probability":100,"points":[2943.8,1522,2900.3,1546.7,2891.6,1565.6,2892.8,1576.1,2915.60009765625,1580.800048828125,2947.3,1546.7,2947.7,1532.6,2945.7,1522],"groupId":0,"pointLabels":{},"locked":false,"visible":true,"attributes":[],"className":"Downy mildew"},{"type":"polygon","classId":1,"probability":100,"points":[2687.2,1476.9,2678.9,1475.4,2672.9,1483.4,2672.6,1491.1,2675,1495.9,2675.9,1496.5,2683.6,1497.4,2690.2,1492.6,2690.8,1486.1,2687.2,1476.9],"groupId":0,"pointLabels":{},"locked":false,"visible":true,"attributes":[],"className":"Downy mildew"}],"tags":[],"metadata":{"version":"1.0.0","name":"_DSC5684.JPG","status":"Completed"}}