{"instances":[{"type":"polygon","classId":1,"probability":100,"points":[4021,1283.6,3994.3,1273.9,3985.4,1254.3,3999.7,1228.5,4017.4,1223.2,4035.2,1231.2,4051.2,1245.4,4056.6,1258.8,4052.1,1275.6,4037,1281.9,4022.8,1281.9],"groupId":0,"pointLabels":{},"locked":false,"visible":true,"attributes":[],"className":"Downy mildew"},{"type":"polygon","classId":1,"probability":100,"points":[2947.6,2639.7,2943.1,2663.3,2930.1,2666.3,2908.8,2663.3,2900.5,2642,2904.3,2618.4,2918.7,2607,2953,2602.4,2969.7,2610.8,2969,2635.1,2949.9,2639.7],"groupId":0,"pointLabels":{},"locked":false,"visible":true,"attributes":[],"className":"Downy mildew"},{"type":"polygon","classId":1,"probability":100,"points":[2510.1,2716.5,2519.2,2690.7,2524.1,2662.1,2544.3,2672.6,2543.6,2692.1,2545,2724.1,2535.9,2740.2,2521.3,2738.1,2510.1,2719.3],"groupId":0,"pointLabels":{},"locked":false,"visible":true,"attributes":[],"className":"Downy mildew"},{"type":"polygon","classId":1,"probability":100,"points":[3542.800048828125,1923.699951171875,3583.9,1931.5,3583.8,1886.6,3567.2,1878,3549.9,1878.7],"groupId":0,"pointLabels":{},"locked":false,"visible":true,"attributes":[],"className":"Downy mildew"}],"tags":[],"metadata":{"version":"1.0.0","name":"_DSC5698.JPG","status":"Completed"}}