{"instances":[{"type":"polygon","classId":1,"probability":100,"points":[5032.5,1770,5052.4,1757.2,5028.5,1735.7,5026.9,1735.7,4929.8,1752.4,4901.9,1774.7,4897.9,1781.1,4885.2,1793.8,5013.4,1797,5048.4,1790.7,5058.8,1781.1,5034.1,1771.6],"groupId":0,"pointLabels":{},"locked":false,"visible":true,"attributes":[],"className":"Downy mildew"},{"type":"polygon","classId":1,"probability":100,"points":[1253.3,2122.9,1246.2,2122.9,1208.6,2106.8,1233.6,2037,1269.4,2006.6,1287.3,2003.1,1281.9,2031.7,1285.5,2065.7,1292.7,2074.6,1294.4,2105,1249.7,2119.3],"groupId":0,"pointLabels":{},"locked":false,"visible":true,"attributes":[],"className":"Downy mildew"},{"type":"polygon","classId":1,"probability":100,"points":[2682.5,3039.2,2694.8,2991.1,2677.4,2957.4,2674.3,2956.4,2604.8,2963.5,2607.9,2992.2,2614,3016.7,2686.6,3040.2],"groupId":0,"pointLabels":{},"locked":false,"visible":true,"attributes":[],"className":"Downy mildew"}],"tags":[],"metadata":{"version":"1.0.0","name":"_DSC5752.JPG","status":"Completed"}}