{"instances":[{"type":"polygon","classId":1,"probability":100,"points":[5269.3,2888.6,5258,2919.2,5237.1,2944.1,5214.6,2928.8,5219.5,2920.8,5237.9,2907.1,5266.9,2887.8],"groupId":0,"pointLabels":{},"locked":false,"visible":true,"attributes":[],"className":"Downy mildew"},{"type":"polygon","classId":1,"probability":100,"points":[3131.6,1955.1,3118.3,1990.8,3076.3,1998,3047.7,1956.1,3040.6,1916.2,3054.9,1912.1,3087.6,1933.6,3131.6,1946.9,3131.6,1949.9],"groupId":0,"pointLabels":{},"locked":false,"visible":true,"attributes":[],"className":"Downy mildew"},{"type":"polygon","classId":1,"probability":100,"points":[689.1,2012.4,686.4,2012.4,682.4,2015.1,631,2021.8,641.8,1990.7,625.6,1981.3,621.5,1966.4,629.6,1951.5,631,1950.2,655.3,1954.2,690.5,1975.8,687.8,2013.7],"groupId":0,"pointLabels":{},"locked":false,"visible":true,"attributes":[],"className":"Downy mildew"}],"tags":[],"metadata":{"version":"1.0.0","name":"_DSC5868.JPG","status":"Completed"}}