{"instances":[{"type":"polygon","classId":1,"probability":100,"points":[849.7,2306.5,850.5,2306.5,826.5,2352.9,800.2,2354.5,783.2,2335.1,783.2,2330.5,807.2,2305.7,831.9,2297.2,850.5,2301.1,850.5,2301.9],"groupId":0,"pointLabels":{},"locked":false,"visible":true,"attributes":[],"className":"Downy mildew"},{"type":"polygon","classId":1,"probability":100,"points":[3257,2114.2,3228.6,2089.4,3211.7,2067.1,3211.7,2065.3,3223.2,2044,3249,2048.5,3269.5,2058.2,3294.4,2083.1,3294.4,2104.5,3281,2111.6,3260.6,2116.9],"groupId":0,"pointLabels":{},"locked":false,"visible":true,"attributes":[],"className":"Downy mildew"},{"type":"polygon","classId":1,"probability":100,"points":[4481.9,2329.2,4473.4,2412.7,4467.2,2422.7,4443.2,2422.7,4426.2,2418.1,4401.5,2403.4,4399.9,2401.1,4400.7,2357,4413.1,2333.8,4467.2,2320.7,4481.1,2328.4],"groupId":0,"pointLabels":{},"locked":false,"visible":true,"attributes":[],"className":"Downy mildew"}],"tags":[],"metadata":{"version":"1.0.0","name":"_DSC5864.JPG","status":"Completed"}}