{"instances":[{"type":"polygon","classId":1,"probability":100,"points":[3189.800048828125,2397.60009765625,3248.2,2397.6,3248.2,2412,3242.7,2427.1,3229.7,2451.2,3196.6,2439.5,3179.4,2417.5,3180.8,2396.9],"groupId":0,"pointLabels":{},"locked":false,"visible":true,"attributes":[],"className":"Downy mildew"},{"type":"polygon","classId":1,"probability":100,"points":[4591.5,1662.3,4606.8,1663.8,4605.4,1681.2,4597.4,1717.6,4582.1,1722.7,4555.2,1716.9,4555.9,1695.1,4566.1,1684.9,4560.3,1675.4,4571.2,1653.6,4591.5,1622.4,4590.1,1658],"groupId":0,"pointLabels":{},"locked":false,"visible":true,"attributes":[],"className":"Downy mildew"},{"type":"polygon","classId":1,"probability":100,"points":[4372.7,1371.1,4344.7,1373.1,4318.7,1362.5,4320.6,1347,4341.9,1344.1,4360.2,1345.1,4382.4,1350.9,4383.3,1363.4,4373.7,1370.2],"groupId":0,"pointLabels":{},"locked":false,"visible":true,"attributes":[],"className":"Downy mildew"},{"type":"polygon","classId":1,"probability":100,"points":[2959.6,1629.8,2939.7,1671.4,2902.7,1692.2,2894.5,1706.6,2900.9,1723.8,2910.8,1730.1,2965,1693.1,2975,1673.2,2973.2,1630.7],"groupId":0,"pointLabels":{},"locked":false,"visible":true,"attributes":[],"className":"Downy mildew"},{"type":"polygon","classId":1,"probability":100,"points":[3833.8,1775.2,3848.7,1798.2,3847.3,1830.7,3840.6,1849.6,3820.3,1852.3,3782.4,1851,3747.2,1814.5,3741.8,1794.2,3756.7,1784.7,3767.5,1788.8,3778.3,1784.7,3790.5,1786.1,3806.7,1773.9,3833.8,1776.6],"groupId":0,"pointLabels":{},"locked":false,"visible":true,"attributes":[],"className":"Downy mildew"}],"tags":[],"metadata":{"version":"1.0.0","name":"_DSC5705.JPG","status":"Completed"}}