{"instances":[{"type":"polygon","classId":1,"probability":100,"points":[402.8,3052.7,388.9,3068.9,388.1,3072,378.9,3076.7,361.1,3072,349.5,3056.5,366.5,3042.6,375.8,3032.6,389.7,3034.1,400.5,3048.8],"groupId":0,"pointLabels":{},"locked":false,"visible":true,"attributes":[],"className":"Downy mildew"},{"type":"polygon","classId":1,"probability":100,"points":[597.8,2430,563.1,2426.9,543.9,2410.8,554.4,2396.6,608.3,2381.1,609.6,2382.3,626.9,2386.7,625.7,2402.8,620.7,2415.8,617.6,2420.1,609,2425.1,595.9,2428.2],"groupId":0,"pointLabels":{},"locked":false,"visible":true,"attributes":[],"className":"Downy mildew"},{"type":"polygon","classId":1,"probability":100,"points":[2685.8,2410.7,2686.8,2410.1,2698.1,2419,2703.1,2430.4,2703.1,2441.7,2700.1,2449.7,2678.2,2447.1,2673.6,2430.5,2675.8,2415.3,2680.5,2411,2685.5,2410.1],"groupId":0,"pointLabels":{},"locked":false,"visible":true,"attributes":[],"className":"Downy mildew"},{"type":"polygon","classId":1,"probability":100,"points":[2761.5,2775.1,2765,2820.1,2755.1,2834.5,2736.7,2826.4,2707.2,2815.5,2688.2,2774.5,2692.2,2758.9,2703.2,2752,2728,2767,2757.5,2773.300048828125],"groupId":0,"pointLabels":{},"locked":false,"visible":true,"attributes":[],"className":"Downy mildew"},{"type":"polygon","classId":1,"probability":100,"points":[2753.5,3128,2736.2,3154.7,2714.8,3148,2692.1,3113.3,2693.4,3089.3,2701.5,3071.9,2716.1,3067.9,2742.8,3081.3,2750.8,3090.6,2754.9,3104,2757.5,3124],"groupId":0,"pointLabels":{},"locked":false,"visible":true,"attributes":[],"className":"Downy mildew"},{"type":"polygon","classId":1,"probability":100,"points":[2631.39990234375,2032.199951171875,2575.8,2040.8,2510.9,2062.4,2479.8,2077.3,2454.1,2065.1,2451.4,2024.6,2481.2,1992.1,2510.9,1985.4,2569.1,1986.7,2602.9,2005.6,2632,2027],"groupId":0,"pointLabels":{},"locked":false,"visible":true,"attributes":[],"className":"Downy mildew"},{"type":"polygon","classId":1,"probability":100,"points":[4289.3,2207.4,4190.7,2233.2,4179.7,2224,4176.9,2196.3,4200.9,2165.9,4221.1,2162.2,4286.6,2203.7],"groupId":0,"pointLabels":{},"locked":false,"visible":true,"attributes":[],"className":"Downy mildew"}],"tags":[],"metadata":{"version":"1.0.0","name":"_DSC5867.JPG","status":"Completed"}}