{"instances":[{"type":"polygon","classId":1,"probability":100,"points":[3383.2,1891,3383.2,1890,3379.1,1891,3351.5,1906.4,3360.7,1891,3339.2,1885.9,3299.3,1897.2,3274.8,1893.1,3292.2,1857.3,3343.3,1825.6,3363.8,1837.8,3364.8,1849.1,3377.1,1851.1,3375,1865.5,3386.3,1865.5,3382.2,1886.9],"groupId":0,"pointLabels":{},"locked":false,"visible":true,"attributes":[],"className":"Downy mildew"},{"type":"polygon","classId":1,"probability":100,"points":[3899.9,3189.7,3851.9,3168.5,3846.1,3110.9,3892.3,3101.3,3915.3,3120.5,3899.9,3183.9],"groupId":0,"pointLabels":{},"locked":false,"visible":true,"attributes":[],"className":"Downy mildew"},{"type":"polygon","classId":1,"probability":100,"points":[1479,1750.1,1500.3,1735,1487.9,1701.2,1429.2,1696.8,1411.4,1704.8,1421.2,1726.1,1438.1,1746.5,1482.5,1752.8],"groupId":0,"pointLabels":{},"locked":false,"visible":true,"attributes":[],"className":"Downy mildew"},{"type":"polygon","classId":1,"probability":100,"points":[2270.3,3052,2281.2,3059.2,2289.3,3071.8,2281.2,3100.6,2231.6,3091.6,2200.1,3071.8,2194.7,3047.5,2199.2,3043.9,2210.9,3029.4,2266.7,3050.2],"groupId":0,"pointLabels":{},"locked":false,"visible":true,"attributes":[],"className":"Downy mildew"},{"type":"polygon","classId":1,"probability":100,"points":[1518.2,3217.7,1477.3,3208.5,1443.5,3144.1,1531.4,3103.2,1546.8,3100.1,1570.3,3131.8,1556,3196.2,1548.8,3204.4,1516.1,3216.7],"groupId":0,"pointLabels":{},"locked":false,"visible":true,"attributes":[],"className":"Downy mildew"},{"type":"polygon","classId":1,"probability":100,"points":[3434.9,2105.9,3440.8,2084.7,3418.5,2064.7,3410.2,2064.7,3371.4,2070.6,3333.8,2107.1,3333.8,2163.5,3335,2163.5,3336.2,2167,3414.9,2196.4,3417.3,2195.3,3420.8,2191.7,3439.6,2144.7,3437.3,2131.8,3425.5,2122.4,3436.1,2103.5],"groupId":0,"pointLabels":{},"locked":false,"visible":true,"attributes":[],"className":"Downy mildew"}],"tags":[],"metadata":{"version":"1.0.0","name":"_DSC5753.JPG","status":"Completed"}}