{"instances":[{"type":"polygon","classId":1,"probability":100,"points":[3870.7,2577.8,3864.5,2576.7,3851.5,2603.3,3854.1,2612.6,3863.5,2614.7,3874.4,2610.5,3872.8,2578.3],"groupId":0,"pointLabels":{},"locked":false,"visible":true,"attributes":[],"className":"Downy mildew"},{"type":"polygon","classId":1,"probability":100,"points":[339,2013.5,359.5,2005.1,372.3,1998.1,374.2,1984,367.2,1980.8,364,1980.8,353.7,1989.1,337.7,1998.1,337.1,2014.7],"groupId":0,"pointLabels":{},"locked":false,"visible":true,"attributes":[],"className":"Downy mildew"},{"type":"polygon","classId":1,"probability":100,"points":[462.3,1975.6,485.5,1984.5,505,2000.5,551.3,2006.8,567.3,1990.8,568.2,1957.9,566.4,1937.4,547.7,1924.1,514.8,1926.7,494.4,1941,485.5,1954.3,463.2,1965,458.8,1971.2],"groupId":0,"pointLabels":{},"locked":false,"visible":true,"attributes":[],"className":"Downy mildew"},{"type":"polygon","classId":1,"probability":100,"points":[460.6,1992.5,431.2,2039.7,438.3,2060.1,463.2,2072.6,477.5,2067.2,491.7,2079.7,514.8,2085,531.7,2080.6,530.8,2057.4,522.8,2029,508.6,2005,483.7,2013,472.1,2000.5,458.8,1990.8],"groupId":0,"pointLabels":{},"locked":false,"visible":true,"attributes":[],"className":"Downy mildew"},{"type":"polygon","classId":1,"probability":100,"points":[3269.4,1987.3,3207.2,2017,3177.4,1983.2,3178.8,1946.7,3196.3,1925.1,3216.6,1911.5,3259.9,1902.1,3280.2,1908.8,3282.9,1910.2,3296.4,1927.8,3268,1985.9],"groupId":0,"pointLabels":{},"locked":false,"visible":true,"attributes":[],"className":"Downy mildew"}],"tags":[],"metadata":{"version":"1.0.0","name":"_DSC5692.JPG","status":"Completed"}}