{"instances":[{"type":"polygon","classId":1,"probability":100,"points":[5267.7,2888.6,5268.7,2906.6,5261.7,2916.3,5246.5,2930.1,5223.9,2929.1,5223.5,2928.3,5225.7,2905.7,5239.6,2887.3,5247.7,2879.8,5267.5,2888.7],"groupId":0,"pointLabels":{},"locked":false,"visible":true,"attributes":[],"className":"Downy mildew"},{"type":"polygon","classId":1,"probability":100,"points":[1423.4,3033.2,1413.8,3050.8,1390.5,3058.8,1389.4,3058.2,1383.1,3038.9,1395,3015,1399.6,3012.2,1424.6,3012.2,1427.4,3027,1423.4,3031.5],"groupId":0,"pointLabels":{},"locked":false,"visible":true,"attributes":[],"className":"Downy mildew"},{"type":"polygon","classId":1,"probability":100,"points":[379.6,2480.6,351.4,2457.7,319.1,2413.4,390.3,2410.7,389,2457.7,383.6,2480.6],"groupId":0,"pointLabels":{},"locked":false,"visible":true,"attributes":[],"className":"Downy mildew"},{"type":"polygon","classId":1,"probability":100,"points":[2996.4,1901.7,3026.4,1928.7,3011.8,1940.9,2983.7,1937.2,2988.6,1919.3,2997.8,1902.7],"groupId":0,"pointLabels":{},"locked":false,"visible":true,"attributes":[],"className":"Downy mildew"},{"type":"polygon","classId":1,"probability":100,"points":[3220.5,1826.2,3201.6,1883.1,3244.3,1887.7,3266.2,1864.8,3264.7,1848.5,3224,1825.7,3221.5,1827.2],"groupId":0,"pointLabels":{},"locked":false,"visible":true,"attributes":[],"className":"Downy mildew"}],"tags":[],"metadata":{"version":"1.0.0","name":"_DSC5701.JPG","status":"Completed"}}