{"instances":[{"type":"polygon","classId":1,"probability":100,"points":[2693.6,1338.7,2778.8,1340.2,2763.7,1363.7,2708.2,1362.1,2688,1341.9],"groupId":0,"pointLabels":{},"locked":false,"visible":true,"attributes":[],"className":"Downy mildew"},{"type":"polygon","classId":1,"probability":100,"points":[2784.1,1317.3,2784.1,1316.5,2781,1316.5,2709.5,1321.2,2718.1,1282.7,2781,1307.9,2792,1316.5,2786.5,1316.5],"groupId":0,"pointLabels":{},"locked":false,"visible":true,"attributes":[],"className":"Downy mildew"},{"type":"polygon","classId":1,"probability":100,"points":[2867,1043.8,2816.7,1027.8,2819.2,1002.1,2840,968.9,2870.7,980,2890.3,1000.8,2871.9,1040.1],"groupId":0,"pointLabels":{},"locked":false,"visible":true,"attributes":[],"className":"Downy mildew"},{"type":"polygon","classId":1,"probability":100,"points":[481.6,1941.4,459.9,1990.9,439.4,1994.6,437,1960.8,463.5,1917.3,476.8,1930.6,481.6,1940.2],"groupId":0,"pointLabels":{},"locked":false,"visible":true,"attributes":[],"className":"Downy mildew"},{"type":"polygon","classId":1,"probability":100,"points":[211.5,2016.8,197.9,1994.1,216.6,1994.1,225.1,2003.2,211.5,2015.7],"groupId":0,"pointLabels":{},"locked":false,"visible":true,"attributes":[],"className":"Downy mildew"},{"type":"polygon","classId":1,"probability":100,"points":[189.4501190185547,1999.2373046875,183.8,1999.2,157.7,2012.3,153.2,2021.3,169,2028.7,196.2,2025.8,202.4,2019,188.9,1999.8,188.9,1998.1],"groupId":0,"pointLabels":{},"locked":false,"visible":true,"attributes":[],"className":"Downy mildew"},{"type":"polygon","classId":1,"probability":100,"points":[5370.7,1069.8,5373.7,1084.6,5371.2,1096.5,5365.3,1102.5,5348.4,1105.9,5330.1,1099.5,5314.8,1086.6,5311.3,1059.4,5321.2,1046,5335.6,1042.5,5342.5,1049,5350.4,1045,5360.3,1043.5,5364.8,1046,5366.8,1049,5369.7,1067.8],"groupId":0,"pointLabels":{},"locked":false,"visible":true,"attributes":[],"className":"Downy mildew"},{"type":"polygon","classId":1,"probability":100,"points":[5121.5,1059,5096.8,1062.8,5079.8,1052.8,5081.3,1035,5099.1,1024.9,5115.3,1020.3,5123.1,1026.5,5127.7,1043.5,5121.5,1054.3],"groupId":0,"pointLabels":{},"locked":false,"visible":true,"attributes":[],"className":"Downy mildew"},{"type":"polygon","classId":1,"probability":100,"points":[3159.6,2577.1,3136.4,2570.9,3127.1,2565.5,3117.1,2566.3,3097,2563.2,3097.7,2547,3110.9,2529.9,3125.6,2518.3,3152.6,2516,3177.4,2515.3,3190.5,2529.2,3189.7,2548.5,3161.1,2581],"groupId":0,"pointLabels":{},"locked":false,"visible":true,"attributes":[],"className":"Downy mildew"},{"type":"polygon","classId":1,"probability":100,"points":[4440.5,2630.7,4455.5,2622,4464.2,2606.3,4464.2,2604.7,4457.9,2594.4,4449.2,2593.6,4439.8,2604.7,4437.4,2614.9,4436.6,2631.5],"groupId":0,"pointLabels":{},"locked":false,"visible":true,"attributes":[],"className":"Downy mildew"},{"type":"polygon","classId":1,"probability":100,"points":[4591.1,2712.7,4610.8,2698.5,4613.2,2678,4606.9,2666.2,4595.9,2666.2,4586.4,2674.9,4581.7,2687.5,4588,2710.3],"groupId":0,"pointLabels":{},"locked":false,"visible":true,"attributes":[],"className":"Downy mildew"}],"tags":[],"metadata":{"version":"1.0.0","name":"_DSC5711.JPG","status":"Completed"}}