{"instances":[{"type":"polygon","classId":1,"probability":100,"points":[193.6,2950.8,156.8000030517578,2958.800048828125,106.7,2956.2,104.1,2932.8,122.1,2915.4,169.5,2896.7,186.2,2886,233,2898.1,231,2914.1,212.3,2938.1,195.6,2950.2],"groupId":0,"pointLabels":{},"locked":false,"visible":true,"attributes":[],"className":"Downy mildew"},{"type":"polygon","classId":1,"probability":100,"points":[3294.9,1832.5,3256.1,1854,3252,1873.4,3223.3,1883.6,3206,1870.3,3203.9,1831.5,3235.6,1781.4,3265.3,1769.1,3267.3,1769.1,3287.8,1780.4,3301.1,1804.9,3294.9,1830.5],"groupId":0,"pointLabels":{},"locked":false,"visible":true,"attributes":[],"className":"Downy mildew"}],"tags":[],"metadata":{"version":"1.0.0","name":"_DSC5742.JPG","status":"Completed"}}