{"instances":[{"type":"polygon","classId":1,"probability":100,"points":[768.4,1164.4,751.4,1172.9,735.1,1167.8,731.4,1158.7,734.4,1152.9,751.1,1146.4,767.7,1162.1],"groupId":0,"pointLabels":{},"locked":false,"visible":true,"attributes":[],"className":"Downy mildew"},{"type":"polygon","classId":1,"probability":100,"points":[789.2,1160.4,803.7,1154.4,802.9,1154.4,798.5,1143.6,772.4,1118.7,756,1119.5,750.3,1121.9,767.2,1141.1,786,1151.2,788,1159.2],"groupId":0,"pointLabels":{},"locked":false,"visible":true,"attributes":[],"className":"Downy mildew"},{"type":"polygon","classId":1,"probability":100,"points":[4644.8,1311.1,4716.3,1301.1,4703.4,1338.9,4685.60009765625,1362.699951171875,4650.8,1380.6,4639.9,1374.6,4639.9,1347.8,4643.8,1316],"groupId":0,"pointLabels":{},"locked":false,"visible":true,"attributes":[],"className":"Downy mildew"},{"type":"polygon","classId":1,"probability":100,"points":[4919,1850.6,4931.3,1837.7,4942.4,1814.3,4927.8,1804.4,4896.8,1801.4,4894.4,1801.4,4890.4,1803.2,4881.6,1811.4,4881.6,1829.5,4893.9,1835.9,4903.2,1845.9,4913.2,1850,4916.1,1850],"groupId":0,"pointLabels":{},"locked":false,"visible":true,"attributes":[],"className":"Downy mildew"},{"type":"polygon","classId":1,"probability":100,"points":[1188.8,2593.1,1127.9,2650.4,1111.8,2679.8,1123,2686.1,1142.6,2679.1,1178.3,2641.3,1191.6,2612,1189.5,2593.8],"groupId":0,"pointLabels":{},"locked":false,"visible":true,"attributes":[],"className":"Downy mildew"},{"type":"polygon","classId":1,"probability":100,"points":[1890.1,2703.5,1945,2657.1,1935.8,2650.1,1924.2,2644.7,1895.5,2643.1,1877.8,2663.2,1871.6,2681.8,1877.8,2692.6,1889.4,2704.2],"groupId":0,"pointLabels":{},"locked":false,"visible":true,"attributes":[],"className":"Downy mildew"},{"type":"polygon","classId":1,"probability":100,"points":[459.2,2517.2,410.1,2506.7,406.6,2465.8,420.6,2453,448.7,2456.5,483.3,2478.3,490.9,2536.7,483.6,2539,460.3,2517.2],"groupId":0,"pointLabels":{},"locked":false,"visible":true,"attributes":[],"className":"Downy mildew"},{"type":"polygon","classId":1,"probability":100,"points":[3247.2,1930.1,3218,1910.2,3204.5,1895,3186.4,1889.7,3172.4,1871.6,3146.1,1871.6,3126.8,1865.2,3115.1,1847.1,3116.2,1835.4,3140.8,1825.4,3141.4,1824.3,3165.3,1817.2,3177,1817.2,3194,1827.8,3194,1828.9,3219.7,1860.5,3243.1,1898.5,3247.8,1928.9],"groupId":0,"pointLabels":{},"locked":false,"visible":true,"attributes":[],"className":"Downy mildew"}],"tags":[],"metadata":{"version":"1.0.0","name":"_DSC5741.JPG","status":"Completed"}}