{"instances":[{"type":"polygon","classId":1,"probability":100,"points":[4139.60009765625,1863.800048828125,4134.4,1857.9,4120.2,1842.7,4121.1,1837.5,4141.8,1834,4160.3,1849.8,4154.1,1868,4142.2001953125,1866.699951171875],"groupId":0,"pointLabels":{},"locked":false,"visible":true,"attributes":[],"className":"Downy mildew"},{"type":"polygon","classId":1,"probability":100,"points":[1557,2154.3,1488.9,2169.2,1435.7,2194.5,1437.6,2169.8,1482.4,2140.7,1521.3,2143.9,1552.5,2151,1555,2152.3],"groupId":0,"pointLabels":{},"locked":false,"visible":true,"attributes":[],"className":"Downy mildew"},{"type":"polygon","classId":1,"probability":100,"points":[638.5,2080.4,612.9,2076.3,581.2,2046.7,582.2,2021.1,654.8,2039.5,711.4,2082,658,2140.5,645.7,2135.5],"groupId":0,"pointLabels":{},"locked":false,"visible":true,"attributes":[],"className":"Downy mildew"},{"type":"polygon","classId":1,"probability":100,"points":[2884.5,2082.6,2894.1,2087,2898.5,2087.8,2951.7,2094.4,3003.5,2056.7,3007.9,2032.4,2979.8,2005,2941.4,1997.6,2893.3,2030.1,2883.7,2079.7],"groupId":0,"pointLabels":{},"locked":false,"visible":true,"attributes":[],"className":"Downy mildew"},{"type":"polygon","classId":1,"probability":100,"points":[3286.1,2384.8,3206.6,2384.8,3180.2,2365.2,3222.3,2320.1,3266.4,2321.1,3299.8,2360.3,3288,2382.9],"groupId":0,"pointLabels":{},"locked":false,"visible":true,"attributes":[],"className":"Downy mildew"},{"type":"polygon","classId":1,"probability":100,"points":[2618.9,2389.9,2618.9,2388.9,2556.9,2388.9,2546.1,2350.6,2575.6,2332.9,2646.4,2321.1,2661.2,2339.7,2637.6,2369.3,2617.9,2388.9],"groupId":0,"pointLabels":{},"locked":false,"visible":true,"attributes":[],"className":"Downy mildew"},{"type":"polygon","classId":1,"probability":100,"points":[2638.1,1929.5,2624.1,1946.2,2602.1,1933.5,2548,1922.1,2533.3,1892.7,2547.3,1868.6,2599.4,1861.3,2646.2,1884,2663.6,1914.7,2644.8,1926.8],"groupId":0,"pointLabels":{},"locked":false,"visible":true,"attributes":[],"className":"Downy mildew"},{"type":"polygon","classId":1,"probability":100,"points":[2291.5,1499,2330.5,1481.3,2325.9,1471.5,2299.5,1464.6,2299,1465.8,2273.7,1464.6,2259.4,1460.1,2243.3,1462.9,2235.3,1479.6,2231.3,1492.2,2234.2,1497.3,2245.6,1497.9,2260.5,1495.6,2281.2,1499.6,2289.8,1499.6],"groupId":0,"pointLabels":{},"locked":false,"visible":true,"attributes":[],"className":"Downy mildew"},{"type":"polygon","classId":1,"probability":100,"points":[2330,1341.2,2307.7,1369.4,2306.5,1404.2,2330,1409.5,2346.5,1400,2363.6,1393.6,2399.5,1394.7,2400.1,1342.9,2354.7,1332.9,2329.4,1339.4],"groupId":0,"pointLabels":{},"locked":false,"visible":true,"attributes":[],"className":"Downy mildew"},{"type":"polygon","classId":1,"probability":100,"points":[1675,1063.2,1639.9,1113.6,1622.4,1136.5,1617.8,1172.3,1637.6,1176.9,1655.2,1137.2,1689.5,1180,1710.9,1185.3,1738.4,1167.8,1749.1,1151,1719.3,1104.4,1678.1,1062.4],"groupId":0,"pointLabels":{},"locked":false,"visible":true,"attributes":[],"className":"Downy mildew"},{"type":"polygon","classId":1,"probability":100,"points":[109.8,1282.4,84.6,1280.9,62.5,1290.3,21.5,1290.3,54.6,1222.6,95.6,1232,174.4,1238.3,224.8,1261.9,226.4,1282.4,169.7,1296.6,112.9,1282.4],"groupId":0,"pointLabels":{},"locked":false,"visible":true,"attributes":[],"className":"Downy mildew"},{"type":"polygon","classId":1,"probability":100,"points":[371.5,1127.8,301.5,1054.6,304.6,1022.8,344.4,1002.1,379.4,1000.5,400.1,1006.9,384.2,1053,376.2,1115.1,376.2,1126.2],"groupId":0,"pointLabels":{},"locked":false,"visible":true,"attributes":[],"className":"Downy mildew"}],"tags":[],"metadata":{"version":"1.0.0","name":"_DSC5755.JPG","status":"Completed"}}