{"instances":[{"type":"polygon","classId":1,"probability":100,"points":[3137,3350.5,3133.1,3339.4,3124.6,3330.5,3115.8,3322.8,3113.1,3323.2,3112.7,3327.4,3113.9,3334.4,3117.5,3346.1,3121.2,3349,3137.2,3351.3],"groupId":0,"pointLabels":{},"locked":false,"visible":true,"attributes":[],"className":"Downy mildew"},{"type":"polygon","classId":1,"probability":100,"points":[2239.7,3390.7,2224.3,3390.4,2206.3,3385.5,2203.6,3383.6,2198.2,3376.3,2197.9,3374.4,2199.8,3358.4,2201.2,3355.9,2215.6,3348.6,2225.9,3347,2244.9,3355.7,2249.2,3375.2,2239.7,3390.1],"groupId":0,"pointLabels":{},"locked":false,"visible":true,"attributes":[],"className":"Downy mildew"},{"type":"polygon","classId":1,"probability":100,"points":[5016.9,3094.7,5009.7,3099.3,5011.5,3109.1,5007.4,3113.4,4997.7,3102.9,4989.8,3081.2,4986.5,3069.5,4994.1,3069.4,4998.8,3072.1,5000.4,3077.6,5005.5,3078.5,5012.5,3082.9,5018.2,3093.2,5017.4,3094.6],"groupId":0,"pointLabels":{},"locked":false,"visible":true,"attributes":[],"className":"Downy mildew"},{"type":"polygon","classId":1,"probability":100,"points":[4988.9,3137.1,4967.2,3138.5,4945.3,3130.8,4949.6,3112.6,4958.3,3101.3,4969.6,3107.1,4983.4,3126.7,4988.9,3136.2],"groupId":0,"pointLabels":{},"locked":false,"visible":true,"attributes":[],"className":"Downy mildew"},{"type":"polygon","classId":1,"probability":100,"points":[4060.2,2894.4,4029,2890.9,4011.1,2872.5,4022.3,2856,4037,2858.3,4051.3,2875.7,4060.2,2891.7],"groupId":0,"pointLabels":{},"locked":false,"visible":true,"attributes":[],"className":"Downy mildew"},{"type":"polygon","classId":1,"probability":100,"points":[2153.5,1832.3,2160,1883.5,2144.2,1884.5,2131.2,1888.2,2125.1,1880.3,2121.4,1864.9,2152.6,1833.2],"groupId":0,"pointLabels":{},"locked":false,"visible":true,"attributes":[],"className":"Downy mildew"},{"type":"polygon","classId":1,"probability":100,"points":[2180.6,1815.8,2183.5,1921.3,2210.5,1915.1,2227,1883,2223.9,1860.2,2203.2,1826,2180.4,1816.7],"groupId":0,"pointLabels":{},"locked":false,"visible":true,"attributes":[],"className":"Downy mildew"},{"type":"polygon","classId":1,"probability":100,"points":[2179.9,1716.4,2172,1732.8,2172,1747.4,2174.4,1758.4,2186,1756.5,2193.9,1745.6,2197.5,1743.2,2199.4,1731.6,2183.5,1715.8],"groupId":0,"pointLabels":{},"locked":false,"visible":true,"attributes":[],"className":"Downy mildew"},{"type":"polygon","classId":1,"probability":100,"points":[2325.8,1788.1,2333.9,1767.1,2342.8,1738,2337.1,1727.6,2321.8,1710.6,2300,1714.7,2266.1,1742.1,2260.5,1752.6,2278.2,1764.7,2304,1779.2,2321,1787.2],"groupId":0,"pointLabels":{},"locked":false,"visible":true,"attributes":[],"className":"Downy mildew"},{"type":"polygon","classId":1,"probability":100,"points":[2400.4,1222.6,2441.3,1249.3,2468.8,1248.4,2492.8,1239.5,2508,1206.6,2502.6,1190.6,2488.4,1184.4,2452.8,1182.6,2434.2,1183.5,2400.4,1220.8],"groupId":0,"pointLabels":{},"locked":false,"visible":true,"attributes":[],"className":"Downy mildew"}],"tags":[],"metadata":{"version":"1.0.0","name":"_DSC5675.JPG","status":"Completed"}}