{"instances":[{"type":"polygon","classId":1,"probability":100,"points":[2740.9,1808.8,2741.7,1808.8,2746.7,1842.6,2748.9,1873.6,2730.1,1888.7,2697.7,1873.6,2679,1850.6,2671.1,1817.4,2672.5,1805.9,2714.3,1801.6,2717.9,1811.7,2737.3,1807.3],"groupId":0,"pointLabels":{},"locked":false,"visible":true,"attributes":[],"className":"Downy mildew"},{"type":"polygon","classId":1,"probability":100,"points":[522,2193.4,543.3,2194.2,549.8,2204.8,544.9,2218.7,528.6,2224.4,513,2215.4,517.1,2196.6,520.4,2193.4],"groupId":0,"pointLabels":{},"locked":false,"visible":true,"attributes":[],"className":"Downy mildew"},{"type":"polygon","classId":1,"probability":100,"points":[331.9,1875,362.1,1845.8,375.4,1824,362.7,1817.7,316,1825.1,307.5,1835.7,292.1,1847.4,286.8,1865.9,311.8,1863.8,327.1,1872.8,331.4,1877.1],"groupId":0,"pointLabels":{},"locked":false,"visible":true,"attributes":[],"className":"Downy mildew"},{"type":"polygon","classId":1,"probability":100,"points":[2264.4,859.3,2288.9,847.2,2297.5,845.2,2287.3,836.6,2268.7,837.1,2248.9,844.3,2235.6,850,2243.7,855.8,2263.3,859.3],"groupId":0,"pointLabels":{},"locked":false,"visible":true,"attributes":[],"className":"Downy mildew"},{"type":"polygon","classId":1,"probability":100,"points":[2287.3,836.6,2243.8,836.6,2220.7,831.3,2212.7,815.3,2216.199951171875,813.5,2227.800048828125,794.7999877929688,2248.2,789.5,2272.2,791.3,2280.2,805.5,2285.6,831.3],"groupId":0,"pointLabels":{},"locked":false,"visible":true,"attributes":[],"className":"Downy mildew"}],"tags":[],"metadata":{"version":"1.0.0","name":"_DSC5662.JPG","status":"Completed"}}