{"instances":[{"type":"polygon","classId":1,"probability":100,"points":[0,1315,19.3,1322.3,37.2,1331.5,56.1,1334.9,61.9,1324.7,51.3,1311.6,26.1,1303.9,16.9,1298.1,10.1,1290.3,0,1287.4,0,1317],"groupId":0,"pointLabels":{},"locked":false,"visible":true,"attributes":[],"className":"Downy mildew"},{"type":"polygon","classId":1,"probability":100,"points":[3030,2359.1,2997,2362.6,2964.1,2381.4,2952.3,2408.5,2982.9,2463.7,3000.6,2473.1,3018.2,2449.6,3035.800048828125,2433.199951171875,3027.6,2357.9],"groupId":0,"pointLabels":{},"locked":false,"visible":true,"attributes":[],"className":"Downy mildew"}],"tags":[],"metadata":{"version":"1.0.0","name":"_DSC5661.JPG","status":"Completed"}}