{"instances":[{"type":"polygon","classId":1,"probability":100,"points":[2470.6,1392.8,2469.6,1403.9,2466,1425.6,2460.5,1434.7,2447.3,1435.7,2444.3,1414.5,2449.3,1395.8,2457.9,1389.3,2468.5,1392.3],"groupId":0,"pointLabels":{},"locked":false,"visible":true,"attributes":[],"className":"Downy mildew"},{"type":"polygon","classId":1,"probability":100,"points":[4058.8,3245.7,4062.4,3241.7,4081.4,3240.3,4098.10009765625,3240.300048828125,4102.60009765625,3232.10009765625,4103.1,3224.9,4089.1,3223.6,4073.3,3227.6,4057.4,3219,4041.1,3218.1,4029.8,3219.9,4033.5,3229,4040.2,3241.7,4053.4,3246.6,4057.4,3246.6],"groupId":0,"pointLabels":{},"locked":false,"visible":true,"attributes":[],"className":"Downy mildew"},{"type":"polygon","classId":1,"probability":100,"points":[3674,3051.1,3670.7,3056.3,3663.1,3058.2,3656.2,3050.6,3655.1,3044.8,3661.1,3039.1,3670.4,3038.3,3674.3,3041,3674.8,3050.6],"groupId":0,"pointLabels":{},"locked":false,"visible":true,"attributes":[],"className":"Downy mildew"},{"type":"polygon","classId":1,"probability":100,"points":[474.9,973.1,456.1,956.8,432.7,950.2,402.2,976.6,396.1,992.9,395.1,1015.8,403.7,1019.8,453.1,1029,463.7,997.5,475.9,974.6],"groupId":0,"pointLabels":{},"locked":false,"visible":true,"attributes":[],"className":"Downy mildew"},{"type":"polygon","classId":1,"probability":100,"points":[3236.1,1269.8,3207,1266.6,3207,1264.3,3221.2,1234.3,3238.5,1229.6,3273.2,1235.9,3278.7,1241.4,3256.6,1281.6,3240.1,1269.8],"groupId":0,"pointLabels":{},"locked":false,"visible":true,"attributes":[],"className":"Downy mildew"},{"type":"polygon","classId":1,"probability":100,"points":[2769,3107,2744.9,3075.7,2743.9,3046.4,2770,3040.1,2782.6,3069.4,2793.1,3104.9,2775.3,3107],"groupId":0,"pointLabels":{},"locked":false,"visible":true,"attributes":[],"className":"Downy mildew"}],"tags":[],"metadata":{"version":"1.0.0","name":"_DSC5724.JPG","status":"Completed"}}