{"instances":[{"type":"polygon","classId":1,"probability":100,"points":[3355.7,3108.2,3352.1,3108.2,3282.8,3016.6,3283.7,3014,3353,2964.2,3379.7,2993.5,3357.5,3103.8],"groupId":0,"pointLabels":{},"locked":false,"visible":true,"attributes":[],"className":"Downy mildew"},{"type":"polygon","classId":1,"probability":100,"points":[5480,1738.7,5512.7,1740.7,5524.7,1688.2,5509.6,1659.6,5508.6,1659.1,5479.4,1676.8,5474.2,1713.7,5476.3,1736.6,5482,1737.6],"groupId":0,"pointLabels":{},"locked":false,"visible":true,"attributes":[],"className":"Downy mildew"},{"type":"polygon","classId":1,"probability":100,"points":[3622,1880.1,3643.2,1827.3,3586.6,1827.9,3562.6,1833.9,3583.9,1856.7,3588.8,1868.7,3621.4,1879],"groupId":0,"pointLabels":{},"locked":false,"visible":true,"attributes":[],"className":"Downy mildew"}],"tags":[],"metadata":{"version":"1.0.0","name":"_DSC5754.JPG","status":"Completed"}}