{"instances":[{"type":"polygon","classId":1,"probability":100,"points":[4219.5,931.8,4236.4,908.8,4267.4,882.2,4292.2,871.6,4315.3,900.8,4275.4,919.4,4253.2,935.4,4229.3,948.7,4216,934.5],"groupId":0,"pointLabels":{},"locked":false,"visible":true,"attributes":[],"className":"Downy mildew"},{"type":"polygon","classId":1,"probability":100,"points":[2539.7,979.1,2482.5,966.5,2453.9,941.5,2425.3,896.8,2443.2,877.1,2493.2,880.7,2555.8,912.9,2593.4,948.7,2609.5,971.9,2541.5,980.9],"groupId":0,"pointLabels":{},"locked":false,"visible":true,"attributes":[],"className":"Downy mildew"}],"tags":[],"metadata":{"version":"1.0.0","name":"_DSC5729.JPG","status":"Completed"}}