{"instances":[{"type":"polygon","classId":1,"probability":100,"points":[683,3284,700,3263.6,710.4,3229.2,700,3208.8,678.8,3207.6,661.2,3238.7,659.5,3261.3,660.6,3263.3,682.4,3284.5],"groupId":0,"pointLabels":{},"locked":false,"visible":true,"attributes":[],"className":"Downy mildew"},{"type":"polygon","classId":1,"probability":100,"points":[2580.4,2447.3,2675.6,2445.3,2655,2423.8,2614.4,2410.4,2589.5,2398,2574.2,2407.1,2569.9,2432.4,2581.4,2446.3],"groupId":0,"pointLabels":{},"locked":false,"visible":true,"attributes":[],"className":"Downy mildew"},{"type":"polygon","classId":1,"probability":100,"points":[2590.6,2466.7,2633.4,2525.4,2692.7,2530.5,2697.8,2476.3,2682.5,2463.9,2588.9,2465],"groupId":0,"pointLabels":{},"locked":false,"visible":true,"attributes":[],"className":"Downy mildew"},{"type":"polygon","classId":1,"probability":100,"points":[3596,2501,3597.5,2520.6,3628,2537.2,3644.3,2547.7,3644.3,2550,3663.9,2585.1,3673.3,2611.8,3671.8,2612.2,3600.9,2591.9,3576,2559.4,3554.1,2569.6,3553,2567.4,3533.4,2543.6,3533.4,2541.3,3555.7,2508.5,3593.7,2501.7],"groupId":0,"pointLabels":{},"locked":false,"visible":true,"attributes":[],"className":"Downy mildew"},{"type":"polygon","classId":1,"probability":100,"points":[4382.3,3359.4,4362.3,3348.1,4361.7,3325.9,4382.8,3330.8,4395.2,3339.4,4395.8,3340.5,4385.5,3360],"groupId":0,"pointLabels":{},"locked":false,"visible":true,"attributes":[],"className":"Downy mildew"},{"type":"polygon","classId":1,"probability":100,"points":[3432.6,3489.7,3365.7,3432.8,3258.2,3351.7,3368,3356.7,3398.9,3345.8,3407.6,3374,3411.7,3395.4,3434.9,3488.3],"groupId":0,"pointLabels":{},"locked":false,"visible":true,"attributes":[],"className":"Downy mildew"},{"type":"polygon","classId":1,"probability":100,"points":[262.5,2110.3,258.1,2113.3,255.1,2113.3,252.1,2116.2,182.8,2104.4,181.3,2055.7,218.2,1955.3,264,1958.2,268.4,1999.6,269.9,1999.6,266.9,2101.5,265.4,2105.9],"groupId":0,"pointLabels":{},"locked":false,"visible":true,"attributes":[],"className":"Downy mildew"},{"type":"polygon","classId":1,"probability":100,"points":[1309.3,1979.3,1286.5,1991.1,1269.9,2016,1269.9,2035.4,1288.2,2045.4,1302.8,2039.4,1306.5,2009.4,1310.5,1993.1,1308.8,1979.1],"groupId":0,"pointLabels":{},"locked":false,"visible":true,"attributes":[],"className":"Downy mildew"},{"type":"polygon","classId":1,"probability":100,"points":[971.9,2250.6,999.3,2257.3,1036,2256,1038.2,2254.6,1068.2,2221.5,1069.6,2185.6,1019,2170.4,927.6,2163.2,939.2,2199.1,945.5,2247,952.7,2251.5,953.6,2250.6,972.8,2249.2],"groupId":0,"pointLabels":{},"locked":false,"visible":true,"attributes":[],"className":"Downy mildew"},{"type":"polygon","classId":1,"probability":100,"points":[3523.9,1480,3537.2,1534.8,3522.9,1546,3512.7,1546,3488.8,1548.7,3475,1542.8,3476,1513,3494.1,1482.2,3524.4,1479],"groupId":0,"pointLabels":{},"locked":false,"visible":true,"attributes":[],"className":"Downy mildew"},{"type":"polygon","classId":1,"probability":100,"points":[3099.9,3175.5,3136.4,3137.3,3153.6,3125.7,3186.2,3146.7,3179,3192.1,3174.1,3199.3,3163.5,3198.7,3147.5,3206.5,3137.5,3215.3,3132,3226.4,3128.1,3229.7,3113.8,3190.4,3101.6,3176],"groupId":0,"pointLabels":{},"locked":false,"visible":true,"attributes":[],"className":"Downy mildew"},{"type":"polygon","classId":1,"probability":100,"points":[3717.6,2474.2,3722.4,2453.6,3708.7,2435.8,3660.7,2450.9,3637.4,2463.2,3667.5,2492.7,3686.7,2495.5,3695,2533.9,3714.2,2539.3,3734,2523.6,3734,2521.5,3728.6,2510.5,3745,2507.8,3751.9,2499.6,3749.8,2492.7,3718.3,2474.9],"groupId":0,"pointLabels":{},"locked":false,"visible":true,"attributes":[],"className":"Downy mildew"}],"tags":[],"metadata":{"version":"1.0.0","name":"_DSC5751.JPG","status":"Completed"}}