{"instances":[{"type":"polygon","classId":1,"probability":100,"points":[2823.7,864.6,2871,830.8,2941.3,816,2954.8,855.2,2958.9,906.6,2952.1,939,2875,943.1,2873.7,941.7,2791.2,932.3,2781.7,905.2,2819.6,866],"groupId":0,"pointLabels":{},"locked":false,"visible":true,"attributes":[],"className":"Downy mildew"},{"type":"polygon","classId":1,"probability":100,"points":[1346.7,1613.3,1353.2,1640.5,1339,1649.3,1323,1648.9,1316.4,1647.4,1303.8,1631.7,1300.3,1614.1,1311.1,1603,1345.2,1610.6,1346.3,1613.3],"groupId":0,"pointLabels":{},"locked":false,"visible":true,"attributes":[],"className":"Downy mildew"},{"type":"polygon","classId":1,"probability":100,"points":[681.7,1387.2,684.8,1398.5,698.1,1427.1,699.1,1427.1,722.6,1461.9,724.7,1462.9,724.7,1467,758.4,1480.3,763.5,1480.3,805.4,1461.9,810.5,1461.9,848.4,1434.3,868.8,1398.5,868.8,1396.4,844.3,1368.8,782.9,1355.5,725.7,1352.5,688.9,1363.7,679.7,1386.2],"groupId":0,"pointLabels":{},"locked":false,"visible":true,"attributes":[],"className":"Downy mildew"},{"type":"polygon","classId":1,"probability":100,"points":[1278.2,1729.6,1259.5,1716.3,1222.2,1712.7,1196.4,1734.1,1200,1758.1,1215.1,1777.6,1232,1782.1,1267.5,1776.8,1288,1743,1281.8,1731.4],"groupId":0,"pointLabels":{},"locked":false,"visible":true,"attributes":[],"className":"Downy mildew"}],"tags":[],"metadata":{"version":"1.0.0","name":"_DSC4708.JPG","status":"Completed"}}