{"instances":[{"type":"polygon","classId":1,"probability":100,"points":[4038.2,288.8,4026,352.4,4027.4,353.7,4040.9,405.1,4043.6,406.5,4080.1,409.2,4099.1,388.9,4100.4,383.5,4122,348.3,4109.9,321.3,4040.9,287.5],"groupId":0,"pointLabels":{},"locked":false,"visible":true,"attributes":[],"className":"Downy mildew"},{"type":"polygon","classId":1,"probability":100,"points":[3110.7,1361.3,3112.4,1361.3,3117.4,1371.3,3147.2,1392.8,3197,1371.3,3208.6,1289.9,3145.6,1250.1,3117.4,1271.7,3112.4,1286.6,3087.5,1291.6,3102.4,1313.2,3105.7,1353],"groupId":0,"pointLabels":{},"locked":false,"visible":true,"attributes":[],"className":"Downy mildew"}],"tags":[],"metadata":{"version":"1.0.0","name":"_DSC4806.JPG","status":"Completed"}}