{"instances":[{"type":"polygon","classId":1,"probability":100,"points":[736.4,2362.2,680.4,2334.2,653.5,2314.5,606.9,2324.9,597.6,2340.4,611,2392.2,636.9,2414,737.4,2365.3],"groupId":0,"pointLabels":{},"locked":false,"visible":true,"attributes":[],"className":"Downy mildew"},{"type":"polygon","classId":1,"probability":100,"points":[3262.5,2937.3,3280.2,2933.8,3294.4,2941.8,3297.1,2957.7,3290,2971.9,3272.2,2971.9,3268.7,2969.2,3265.2,2958.6,3258.1,2953.3,3263.4,2945.3,3263.4,2938.2],"groupId":0,"pointLabels":{},"locked":false,"visible":true,"attributes":[],"className":"Downy mildew"},{"type":"polygon","classId":1,"probability":100,"points":[350.8,2812.8,350,2813.5,329.7,2806.8,329,2784.2,344.8,2774.5,362.8,2775.2,378.6,2787.2,368.8,2800,364.3,2809,350.8,2812],"groupId":0,"pointLabels":{},"locked":false,"visible":true,"attributes":[],"className":"Downy mildew"},{"type":"polygon","classId":1,"probability":100,"points":[2350.7,1772.3,2346.8,1749.9,2328.3,1731.4,2300.4,1712.8,2285,1705.8,2237.8,1743.7,2231.6,1755.3,2231.6,1783.2,2237.8,1798.6,2240.1,1800.2,2265.6,1807.1,2295,1796.3,2348.4,1773.9],"groupId":0,"pointLabels":{},"locked":false,"visible":true,"attributes":[],"className":"Downy mildew"}],"tags":[],"metadata":{"version":"1.0.0","name":"_DSC4763.JPG","status":"Completed"}}