{"instances":[{"type":"polygon","classId":1,"probability":100,"points":[318.6,2094.6,370.8,2057.9,496.4,2062.2,528.8,2076.3,630.4,2221.6,558.4,2276.6,558.4,2278,511.9,2311.9,394.8,2302,320,2283.7,291.8,2214.5,291.8,2210.3,301.7,2144,324.3,2089],"groupId":0,"pointLabels":{},"locked":false,"visible":true,"attributes":[],"className":"Downy mildew"},{"type":"polygon","classId":1,"probability":100,"points":[2354.9,1653.8,2364.1,1653.8,2458,1708.7,2439.3,1816,2410.6,1848.8,2409.2,1852.9,2406.5,1852.9,2358.7,1881.6,2319.1,1892.5,2268.6,1841.9,2248.1,1805.1,2248.1,1801,2246.7,1801,2238.5,1749.1,2244,1734.1,2282.2,1730,2360.1,1660.3],"groupId":0,"pointLabels":{},"locked":false,"visible":true,"attributes":[],"className":"Downy mildew"},{"type":"polygon","classId":1,"probability":100,"points":[667.5,2043.9,605.7,2007.7,565.2,1954.4,603.6,1905.4,663.3,1911.8,714.4,1950.1,729.3,1984.2,669.7,2035.4],"groupId":0,"pointLabels":{},"locked":false,"visible":true,"attributes":[],"className":"Downy mildew"},{"type":"polygon","classId":1,"probability":100,"points":[158.6,1852.7,220.2,1910.2,269.5,1897.9,351.7,1934.9,417.5,1897.9,454.5,1865,421.6,1844.5,372.3,1828,162.7,1848.6],"groupId":0,"pointLabels":{},"locked":false,"visible":true,"attributes":[],"className":"Downy mildew"},{"type":"polygon","classId":1,"probability":100,"points":[520.8,1604.2,644.2,1575.4,693.5,1524,670.9,1468.5,635.9,1423.2,549.6,1431.4,498.1,1470.5,489.9,1571.3,524.9,1606.3],"groupId":0,"pointLabels":{},"locked":false,"visible":true,"attributes":[],"className":"Downy mildew"}],"tags":[],"metadata":{"version":"1.0.0","name":"_DSC4749.JPG","status":"Completed"}}