{"instances":[{"type":"polygon","classId":1,"probability":100,"points":[2379.3,1808.9,2317.1,1783.2,2304.9,1733.2,2330.6,1714.3,2372.5,1727.8,2405,1764.3,2402.3,1806.2,2382,1811.6],"groupId":0,"pointLabels":{},"locked":false,"visible":true,"attributes":[],"className":"Downy mildew"},{"type":"polygon","classId":1,"probability":100,"points":[5568,657.6,5403.5,736,5341.3,810.4,5371,860.5,5445.4,846.9,5526.5,817.2,5568,823.9,5568,663],"groupId":0,"pointLabels":{},"locked":false,"visible":true,"attributes":[],"className":"Downy mildew"},{"type":"polygon","classId":1,"probability":100,"points":[4975.8,625.8,4867.6,628.5,4758.1,674.5,4751.3,769.2,4823,862.5,4882.5,871.9,4932.5,862.5,4952.8,831.4,4960.9,777.3,5005.5,782.7,5044.8,804.3,5100.2,803,5102.9,750.2,5066.4,661,4971.7,627.2],"groupId":0,"pointLabels":{},"locked":false,"visible":true,"attributes":[],"className":"Downy mildew"},{"type":"polygon","classId":1,"probability":100,"points":[1695.5,867.2,1700.2,888.7,1717,880,1716.4,875.1,1695.5,867.5],"groupId":0,"pointLabels":{},"locked":false,"visible":true,"attributes":[],"className":"Downy mildew"},{"type":"polygon","classId":1,"probability":100,"points":[1716.2,866.7,1726.3,850.5,1728.6,833.5,1709.3,820.3,1684.5,833.5,1669.1,840.4,1679.1,854.3,1719.3,865.2],"groupId":0,"pointLabels":{},"locked":false,"visible":true,"attributes":[],"className":"Downy mildew"},{"type":"polygon","classId":1,"probability":100,"points":[1754.4,1898.8,1756.7,1897.6,1856,1897.6,1838.5,1938.5,1770.7,1917.5,1743.9,1935,1711.1,1952.5,1699.5,1910.5,1713.5,1881.2,1754.4,1896.4],"groupId":0,"pointLabels":{},"locked":false,"visible":true,"attributes":[],"className":"Downy mildew"}],"tags":[],"metadata":{"version":"1.0.0","name":"_DSC4724.JPG","status":"Completed"}}