{"instances":[{"type":"polygon","classId":1,"probability":100,"points":[375.7,2311.9,378.4,2312.6,424.1,2360.3,447.6,2407.4,448.3,2441.7,482.6,2485.4,476.5,2510.9,439.5,2503.5,410,2478,395.2,2463.2,387.8,2444.4,410.6,2447.1,415.3,2437,412.6,2436.3,390.5,2420.2,356.8,2404.7,381,2377.8,348.1,2355.6,335.3,2327.4,373.6,2314.6],"groupId":0,"pointLabels":{},"locked":false,"visible":true,"attributes":[],"className":"Downy mildew"},{"type":"polygon","classId":1,"probability":100,"points":[1999.9,1840.4,2107.8,1832.4,2065.6,1898.7,1987.5,1901.8,1997.4,1841],"groupId":0,"pointLabels":{},"locked":false,"visible":true,"attributes":[],"className":"Downy mildew"},{"type":"polygon","classId":1,"probability":100,"points":[2008.6,1804.5,2130.1,1794.5,2115.2,1747.4,2047,1725.7,2010.5,1802.6],"groupId":0,"pointLabels":{},"locked":false,"visible":true,"attributes":[],"className":"Downy mildew"},{"type":"polygon","classId":1,"probability":100,"points":[2739.8,1997.1,2730.6,1998.2,2671.1,2021.2,2648.1,2070.4,2663,2099.1,2714.6,2104.8,2739.8,1998.2],"groupId":0,"pointLabels":{},"locked":false,"visible":true,"attributes":[],"className":"Downy mildew"},{"type":"polygon","classId":1,"probability":100,"points":[2066.3,1687.4,2168.6,1692.1,2234.5,1645,2227.4,1626.2,2186.3,1620.3,2139.2,1622.7,2078.1,1647.4,2062.8,1682.7],"groupId":0,"pointLabels":{},"locked":false,"visible":true,"attributes":[],"className":"Downy mildew"},{"type":"polygon","classId":1,"probability":100,"points":[2308.3,1805.7,2502.2,1793.9,2502.2,1845.9,2466.7,1876.7,2464.4,1876.7,2464.4,1879.1,2459.6,1881.4,2393.4,1890.9,2329.6,1860.1,2303.5,1812.8],"groupId":0,"pointLabels":{},"locked":false,"visible":true,"attributes":[],"className":"Downy mildew"},{"type":"polygon","classId":1,"probability":100,"points":[2530.6,1893.3,2620.5,1890.9,2672.5,1954.7,2601.6,2004.4,2514.1,1990.2,2497.5,1933.5,2518.8,1890.9],"groupId":0,"pointLabels":{},"locked":false,"visible":true,"attributes":[],"className":"Downy mildew"}],"tags":[],"metadata":{"version":"1.0.0","name":"_DSC4814.JPG","status":"Completed"}}