{"instances":[{"type":"polygon","classId":1,"probability":100,"points":[157.2,1448.9,259.5,1451.2,323,1380.7,350.1,1344.2,292.4,1326.6,206.6,1285.4,167.8,1241.9,141.9,1240.8,110.2,1276,106.6,1278.4,74.9,1314.8,77.2,1381.9,153.7,1448.9],"groupId":0,"pointLabels":{},"locked":false,"visible":true,"attributes":[],"className":"Downy mildew"},{"type":"polygon","classId":1,"probability":100,"points":[3078.1,3010.8,3052,3022.2,3050.6,3024.2,3042.6,3055,3033.9,3056.4,3024.5,3064.4,3021.8,3086.5,3038.6,3120.1,3063.3,3146.2,3085.5,3150.2,3107.6,3112,3105.6,3110,3101.5,3049.7,3082.8,3012.8,3077.4,3009.5],"groupId":0,"pointLabels":{},"locked":false,"visible":true,"attributes":[],"className":"Downy mildew"},{"type":"polygon","classId":1,"probability":100,"points":[2286.7,1783.7,2324.5,1795.4,2361.9,1798.7,2376.6,1797.7,2365.3,1770.3,2336.9,1756.9,2330.8,1756.9,2293.1,1770,2292.1,1770.6,2286.7,1783.3],"groupId":0,"pointLabels":{},"locked":false,"visible":true,"attributes":[],"className":"Downy mildew"},{"type":"polygon","classId":1,"probability":100,"points":[2286.7,1798.4,2373.9,1810.1,2349.5,1848.5,2347.8,1849.9,2309.4,1848.5,2302.5,1845.8,2285.3,1800.1],"groupId":0,"pointLabels":{},"locked":false,"visible":true,"attributes":[],"className":"Downy mildew"},{"type":"polygon","classId":1,"probability":100,"points":[1575.9,1936.4,1566.9,1951.8,1559,1959.2,1536.2,1976.7,1511.2,1978.8,1516,1958.2,1531.9,1941.7,1553.7,1936.4,1574.4,1934.8],"groupId":0,"pointLabels":{},"locked":false,"visible":true,"attributes":[],"className":"Downy mildew"},{"type":"polygon","classId":1,"probability":100,"points":[1574.9,2008,1590.8,2017.6,1621,2003.8,1657.6,1984.2,1649.1,1963.5,1616.8,1976.2,1580.2,1975.7,1573.3,2005.4],"groupId":0,"pointLabels":{},"locked":false,"visible":true,"attributes":[],"className":"Downy mildew"}],"tags":[],"metadata":{"version":"1.0.0","name":"_DSC4803.JPG","status":"Completed"}}