{"instances":[{"type":"polygon","classId":1,"probability":100,"points":[1161.9,1557.2,1223.8,1558.3,1228,1579.4,1228,1597.4,1224.3,1600.1,1210.1,1619.6,1178.3,1621.7,1150.8,1603.8,1141.3,1594.2,1142.4,1565.2,1137.1,1540.3,1160.9,1554.6],"groupId":0,"pointLabels":{},"locked":false,"visible":true,"attributes":[],"className":"Downy mildew"},{"type":"polygon","classId":1,"probability":100,"points":[3607.1,1360.7,3629.3,1358.5,3637.9,1342.8,3630,1327,3619.3,1319.8,3599.2,1322.7,3584.8,1329.8,3584.8,1344.9,3602.8,1362.1],"groupId":0,"pointLabels":{},"locked":false,"visible":true,"attributes":[],"className":"Downy mildew"},{"type":"polygon","classId":1,"probability":100,"points":[3175.5,1721.3,3020,1824,2946.9,1818.6,2921.3,1786.2,2915.8,1741.5,2915.8,1711.8,2922.6,1665.8,3003.7,1610.4,3174.1,1715.8],"groupId":0,"pointLabels":{},"locked":false,"visible":true,"attributes":[],"className":"Downy mildew"}],"tags":[],"metadata":{"version":"1.0.0","name":"_DSC4739.JPG","status":"Completed"}}