{"instances":[{"type":"polygon","classId":1,"probability":100,"points":[3833.7,847.2,3852.1,817.2,3882.8,799.5,3901.3,791.9,3906.7,801.8,3899.7,815.7,3877.5,837.2,3858.3,850.2,3832.9,847.2],"groupId":0,"pointLabels":{},"locked":false,"visible":true,"attributes":[],"className":"Downy mildew"},{"type":"polygon","classId":1,"probability":100,"points":[4523.7,2085.8,4488.6,2080,4465.7,2084,4483.7,2100.2,4525,2105.1,4530.4,2097.5,4523.2,2086.3],"groupId":0,"pointLabels":{},"locked":false,"visible":true,"attributes":[],"className":"Downy mildew"},{"type":"polygon","classId":1,"probability":100,"points":[3633.1,1811.7,3633.1,1810.8,3716.2,1792.3,3699.9,1823.6,3685.3,1830.3,3668.1,1832.5,3644.6,1822.8,3633.6,1811.7],"groupId":0,"pointLabels":{},"locked":false,"visible":true,"attributes":[],"className":"Downy mildew"},{"type":"polygon","classId":1,"probability":100,"points":[4242.1,3072.4,4205,3079.3,4175.6,3059.2,4148.6,3051.5,4130.8,3061.6,4117.6,3050,4155.5,3028.3,4207.3,3012.1,4241.4,3004.3,4269.2,3002,4284.7,3015.2,4287,3033,4281.6,3047.6,4282.3,3048.4,4278.5,3064.7,4237.5,3074.7],"groupId":0,"pointLabels":{},"locked":false,"visible":true,"attributes":[],"className":"Downy mildew"},{"type":"polygon","classId":1,"probability":100,"points":[2592.7,1030,2604.5,996.4,2637.4,970.7,2670.3,956.1,2700.3,980.3,2706.2,1017.6,2698.1,1032.2,2649.8,1041.7,2598.6,1040.3,2593.5,1030.7],"groupId":0,"pointLabels":{},"locked":false,"visible":true,"attributes":[],"className":"Downy mildew"},{"type":"polygon","classId":1,"probability":100,"points":[2444.7,1804.8,2427.9,1801.4,2406.4,1823.6,2390.9,1822.9,2380.9,1816.2,2369.4,1796,2368.8,1769.8,2386.2,1731.5,2403.7,1708.6,2418.5,1707.3,2446.8,1717.4,2483.7,1744.9,2497.9,1769.1,2502.6,1787.3,2487.1,1788.6,2462.9,1794.7,2446.1,1804.8],"groupId":0,"pointLabels":{},"locked":false,"visible":true,"attributes":[],"className":"Downy mildew"}],"tags":[],"metadata":{"version":"1.0.0","name":"_DSC4773.JPG","status":"Completed"}}