{"instances":[{"type":"polygon","classId":1,"probability":100,"points":[3685.7,248.4,3546.5,240.5,3550.5,236.6,3612.6,198.1,3631.4,174.4,3669.9,160.6,3691.6,161.6,3698.4,147.9,3701.6,125.4,3700,94.9,3693.6,98.1,3669.5,122.2,3664.7,98.1,3664.7,83.6,3730.6,120.6,3733.8,167.2,3709.7,189.7,3685.6,250.7],"groupId":0,"pointLabels":{},"locked":false,"visible":true,"attributes":[],"className":"Downy mildew"},{"type":"polygon","classId":1,"probability":100,"points":[3353.4,853.3,3426.9,837.9,3491.8,909,3435.4,905.1,3412.2,905.9,3368.1,878.1,3355,857.2],"groupId":0,"pointLabels":{},"locked":false,"visible":true,"attributes":[],"className":"Downy mildew"},{"type":"polygon","classId":1,"probability":100,"points":[2999.4,3061.2,3058.2,3034.5,3072.5,2997.1,3038.6,2916.8,3001.2,2895.4,2963.7,2911.5,2929.9,2947.1,2931.7,2991.7,2992.3,3052.3],"groupId":0,"pointLabels":{},"locked":false,"visible":true,"attributes":[],"className":"Downy mildew"}],"tags":[],"metadata":{"version":"1.0.0","name":"_DSC4747.JPG","status":"Completed"}}