{"instances":[{"type":"polygon","classId":1,"probability":100,"points":[1428.1,1812.1,1439.7,1855.7,1431.5,1908.1,1414.5,1916.3,1396.1,1916.3,1374.3,1894.5,1372.2,1853.6,1381.8,1828.4,1401.5,1835.2,1424,1812.7],"groupId":0,"pointLabels":{},"locked":false,"visible":true,"attributes":[],"className":"Downy mildew"},{"type":"polygon","classId":1,"probability":100,"points":[2433.9,1962.5,2348,1933.9,2354.1,1888.9,2386.8,1887.8,2436.9,1901.1,2458.4,1925.7,2458.4,1927.7,2434.9,1960.4],"groupId":0,"pointLabels":{},"locked":false,"visible":true,"attributes":[],"className":"Downy mildew"}],"tags":[],"metadata":{"version":"1.0.0","name":"_DSC4767.JPG","status":"Completed"}}