{"instances":[{"type":"polygon","classId":1,"probability":100,"points":[5147.5,1362.6,5107.5,1371.7,5099.1,1427.1,5101.9,1441.1,5134.9,1434.8,5147.5,1418,5153.1,1406,5149.6,1400.4,5151,1384.3,5153.1,1381.5,5146.8,1375.9,5148.2,1366.8],"groupId":0,"pointLabels":{},"locked":false,"visible":true,"attributes":[],"className":"Downy mildew"},{"type":"polygon","classId":1,"probability":100,"points":[1175,2001.1,1209,1981.1,1209.7,1949.7,1209,1932.3,1160.9,1914.3,1138.2,1913.6,1118.8,1942.3,1103.5,1970.4,1130.9,1992.4,1172.3,2004.5],"groupId":0,"pointLabels":{},"locked":false,"visible":true,"attributes":[],"className":"Downy mildew"},{"type":"polygon","classId":1,"probability":100,"points":[637.3,1624.5,669.9,1612.3,686.7,1590.9,681.6,1568,669.4,1555.3,649,1552.3,607.9,1562.4,594.6,1580.7,590.1,1613.8,593.1,1618.9,635.8,1624],"groupId":0,"pointLabels":{},"locked":false,"visible":true,"attributes":[],"className":"Downy mildew"},{"type":"polygon","classId":1,"probability":100,"points":[835.9,1214.1,801.2,1194.6,775.5,1196.4,747.9,1221.3,753.2,1263.9,757.7,1278.2,781.7,1300.4,783.5,1301.3,819.9,1302.2,843.9,1290.6,869.7,1262.2,840.4,1215.9],"groupId":0,"pointLabels":{},"locked":false,"visible":true,"attributes":[],"className":"Downy mildew"},{"type":"polygon","classId":1,"probability":100,"points":[2816.1,2041.7,2760.9,2041.7,2727.1,2021.2,2754.7,1984.4,2800.8,1972.1,2844.7,1980.3,2847.8,2002.8,2818.1,2041.7],"groupId":0,"pointLabels":{},"locked":false,"visible":true,"attributes":[],"className":"Downy mildew"}],"tags":[],"metadata":{"version":"1.0.0","name":"_DSC4776.JPG","status":"Completed"}}