{"instances":[{"type":"polygon","classId":1,"probability":100,"points":[677.9,1977.1,705.7,1976.3,725,1964.7,752.1,1953.1,752.1,1951.6,740.5,1933.8,710.3,1920.7,673.2,1910.6,652.4,1919.9,640.8,1934.6,674.8,1976.3],"groupId":0,"pointLabels":{},"locked":false,"visible":true,"attributes":[],"className":"Downy mildew"},{"type":"polygon","classId":1,"probability":100,"points":[1610.4,988.1,1591.1,1092.3,1650.3,1062.7,1697,1025.1,1701.6,1054.2,1724.9,1066.1,1764.8,1058.7,1821.8,1024.5,1818.4,1011.4,1611,988.1],"groupId":0,"pointLabels":{},"locked":false,"visible":true,"attributes":[],"className":"Downy mildew"},{"type":"polygon","classId":1,"probability":100,"points":[3085.5,1914.3,3060.8,1863.7,3047.9,1808.4,3033.7,1756.7,3033.7,1749.6,3016.1,1659.1,2926.7,1632,2808,1696.7,2943.2,1904.8,2932.6,1923.7,3009,1996.6,3062,1956.6,3087.8,1921.3],"groupId":0,"pointLabels":{},"locked":false,"visible":true,"attributes":[],"className":"Downy mildew"}],"tags":[],"metadata":{"version":"1.0.0","name":"_DSC4697.JPG","status":"Completed"}}