{"instances":[{"type":"polygon","classId":1,"probability":100,"points":[2517.5,2906.7,2488.2,2901.2,2464.4,2918.2,2444.9,2937.8,2442.5,2952.4,2463.2,2959.7,2496.2,2957.9,2519.9,2950.6,2551.7,2926.8,2549.8,2912.7,2517.5,2925.6,2515.7,2908.5],"groupId":0,"pointLabels":{},"locked":false,"visible":true,"attributes":[],"className":"Downy mildew"},{"type":"polygon","classId":1,"probability":100,"points":[395.9,1659.8,412.2,1662.5,421.3,1700.6,398.6,1747.8,347.9,1738.7,314.3,1726.9,317.9,1705.2,354.2,1676.1,394.1,1658],"groupId":0,"pointLabels":{},"locked":false,"visible":true,"attributes":[],"className":"Downy mildew"},{"type":"polygon","classId":1,"probability":100,"points":[5568,2463.4,5477.9,2452.6,5424.3,2395.4,5436.8,2340,5501.2,2325.7,5568,2334.6,5568,2458],"groupId":0,"pointLabels":{},"locked":false,"visible":true,"attributes":[],"className":"Downy mildew"},{"type":"polygon","classId":1,"probability":100,"points":[2959.9,1634.9,3032,1658.9,3091.5,1610.9,3063.1,1544.2,3009.7,1512.2,2941.3,1488.1,2914.6,1503.3,2896.8,1537.9,2897.7,1592.2,2955.5,1632.2],"groupId":0,"pointLabels":{},"locked":false,"visible":true,"attributes":[],"className":"Downy mildew"},{"type":"polygon","classId":1,"probability":100,"points":[2916.9,2085.3,2847,2099.7,2805.9,2079.2,2797.6,2066.8,2791.5,2023.6,2842.9,2005.1,2902.5,2031.8,2923.1,2068.9,2916.9,2087.4],"groupId":0,"pointLabels":{},"locked":false,"visible":true,"attributes":[],"className":"Downy mildew"}],"tags":[],"metadata":{"version":"1.0.0","name":"_DSC4800.JPG","status":"Completed"}}