{"instances":[{"type":"polygon","classId":1,"probability":100,"points":[5091.5,1273.5,5067.5,1238.1,5064.1,1185.6,5105.2,1147.9,5141.7,1174.1,5142.9,1177.6,5166.9,1201.6,5196.6,1205,5218.3,1214.1,5196.6,1231.3,5139.4,1239.2,5094.9,1274.7],"groupId":0,"pointLabels":{},"locked":false,"visible":true,"attributes":[],"className":"Downy mildew"},{"type":"polygon","classId":1,"probability":100,"points":[2552.6,1985.5,2449.7,1979.4,2355.9,1943.7,2291.7,1887.6,2271.3,1872.3,2310,1868.3,2369.2,1872.3,2393.6,1860.1,2406.9,1827.5,2448.7,1821.4,2505.7,1860.1,2549.6,1911.1,2556.7,1983.4],"groupId":0,"pointLabels":{},"locked":false,"visible":true,"attributes":[],"className":"Downy mildew"}],"tags":[],"metadata":{"version":"1.0.0","name":"_DSC4764.JPG","status":"Completed"}}