{"instances":[{"type":"polygon","classId":1,"probability":100,"points":[2789.4,1691.7,2760,1698.5,2736.8,1664.5,2743.5,1648.7,2745.2,1632.3,2779.2,1632.8,2792.2,1655.5,2793.4,1690.6,2790,1694],"groupId":0,"pointLabels":{},"locked":false,"visible":true,"attributes":[],"className":"Downy mildew"},{"type":"polygon","classId":1,"probability":100,"points":[2560.6,1809.7,2572.8,1796.9,2617.7,1789.3,2634.6,1806.2,2638.1,1830.7,2632.9,1838.2,2614.8,1836.5,2607.2,1840.6,2597.9,1841.2,2576.9,1831.8,2561.2,1812.6],"groupId":0,"pointLabels":{},"locked":false,"visible":true,"attributes":[],"className":"Downy mildew"},{"type":"polygon","classId":1,"probability":100,"points":[2240.2,1635.2,2244,1608.9,2268.8,1592.7,2264.1,1579.5,2218.5,1595,2213.9,1600.4,2221.6,1614.3,2226.2,1632.9,2238.6,1635.2],"groupId":0,"pointLabels":{},"locked":false,"visible":true,"attributes":[],"className":"Downy mildew"},{"type":"polygon","classId":1,"probability":100,"points":[4138.8,1549,4153.7,1550.3,4207,1509.4,4207,1456.1,4179.7,1452.4,4128.9,1500.7,4124,1545.3,4135.1,1550.3],"groupId":0,"pointLabels":{},"locked":false,"visible":true,"attributes":[],"className":"Downy mildew"},{"type":"polygon","classId":1,"probability":100,"points":[4492.8,1212.1,4545.3,1220.1,4544.2,1223.5,4514.5,1264.6,4443.7,1280.6,4399.1,1250.9,4395.7,1167.6,4412.8,1123,4495.1,1107,4496.2,1131,4473.4,1165.3,4455.1,1198.4,4487.1,1209.8],"groupId":0,"pointLabels":{},"locked":false,"visible":true,"attributes":[],"className":"Downy mildew"},{"type":"polygon","classId":1,"probability":100,"points":[5334.6,1331.9,5243.6,1341.1,5174,1306.3,5185.2998046875,1251.0999755859375,5253.7998046875,1210.199951171875,5355,1327.8,5332.5,1334.9],"groupId":0,"pointLabels":{},"locked":false,"visible":true,"attributes":[],"className":"Downy mildew"},{"type":"polygon","classId":1,"probability":100,"points":[1978.9,2254.8,1979.7,2254.8,1978.9,2256.3,1972.7,2261,1942.5,2278,1927.1,2266.4,1926.3,2264.8,1934,2237,1968.1,2209.9,1992.8,2213,1992.8,2220,1977.3,2254],"groupId":0,"pointLabels":{},"locked":false,"visible":true,"attributes":[],"className":"Downy mildew"},{"type":"polygon","classId":1,"probability":100,"points":[2564.5,2470.7,2609.5,2478.9,2667.8,2532.1,2669.8,2532.1,2670.8,2534.1,2679,2602.6,2648.3,2639.5,2644.2,2641.5,2580.8,2644.6,2515.4,2595.5,2496,2519.8,2556.3,2470.7,2563.5,2470.7],"groupId":0,"pointLabels":{},"locked":false,"visible":true,"attributes":[],"className":"Downy mildew"}],"tags":[],"metadata":{"version":"1.0.0","name":"_DSC4794.JPG","status":"Completed"}}