{"instances":[{"type":"polygon","classId":1,"probability":100,"points":[5284.7,939.9,5228.5,891.2,5227.4,888.9,5227.4,916.1,5232.6,936.4,5258.6,956.7,5286.4,941.6],"groupId":0,"pointLabels":{},"locked":false,"visible":true,"attributes":[],"className":"Downy mildew"},{"type":"polygon","classId":1,"probability":100,"points":[5243.4,862.6,5293.5,915,5326.1,890.5,5312.1,859.1,5279.5,848.6,5248,860.2],"groupId":0,"pointLabels":{},"locked":false,"visible":true,"attributes":[],"className":"Downy mildew"},{"type":"polygon","classId":1,"probability":100,"points":[5375.4,1006.9,5299.9,949.5,5295.7,983.5,5303.1,1029.3,5322.2,1031.4,5348.8,1025,5374.3,1005.9],"groupId":0,"pointLabels":{},"locked":false,"visible":true,"attributes":[],"className":"Downy mildew"},{"type":"polygon","classId":1,"probability":100,"points":[5313.4,931.9,5313.4,929.3,5346.8,904.9,5396.8,916.5,5416.1,948.6,5419.9,974.2,5402,988.4,5393,990.9,5317.2,935.7],"groupId":0,"pointLabels":{},"locked":false,"visible":true,"attributes":[],"className":"Downy mildew"},{"type":"polygon","classId":1,"probability":100,"points":[1556.3,2747.8,1679.3,2740.9,1744.2,2836.6,1751,2884.4,1682.7,2887.8,1662.2,2891.2,1624.6,2904.9,1614.4,2932.2,1552.9,2949.3,1542.7,2898,1515.3,2877.5,1467.5,2925.4,1419.7,2928.8,1385.6,2850.2,1382.2,2846.8,1368.5,2846.8,1358.2,2805.8,1358.2,2771.7,1303.6,2785.3,1300.2,2737.5,1348,2614.6,1508.5,2740.9,1552.9,2747.8],"groupId":0,"pointLabels":{},"locked":false,"visible":true,"attributes":[],"className":"Downy mildew"},{"type":"polygon","classId":1,"probability":100,"points":[502.4,3704.5,566.6,3703.8,572.4,3653,560.5,3633.8,555.5,3628,553.2,3628,532,3642.6,500.9,3703.4],"groupId":0,"pointLabels":{},"locked":false,"visible":true,"attributes":[],"className":"Downy mildew"},{"type":"polygon","classId":1,"probability":100,"points":[2279.2,1223.1,2268.39990234375,1260.0999755859375,2266.4,1287.6,2301.4,1301.1,2353.8,1287.6,2409.6,1253.4,2474.8,1184.8,2397.5,1207,2374,1205.6,2316.2,1211.7,2281.9,1221.8],"groupId":0,"pointLabels":{},"locked":false,"visible":true,"attributes":[],"className":"Downy mildew"},{"type":"polygon","classId":1,"probability":100,"points":[2491.5,1654.8,2491.5,1656.6,2634.6,1706.7,2729.4,1674.5,2758,1601.1,2761.6,1543.9,2720.5,1506.3,2652.5,1475.9,2609.6,1461.6,2527.3,1486.7,2484.4,1517.1,2457.6,1556.4,2488,1649.4],"groupId":0,"pointLabels":{},"locked":false,"visible":true,"attributes":[],"className":"Downy mildew"}],"tags":[],"metadata":{"version":"1.0.0","name":"_DSC4772.JPG","status":"Completed"}}