{"instances":[{"type":"polygon","classId":1,"probability":100,"points":[1173.699951171875,2237.89990234375,1176.300048828125,2244.800048828125,1187.5,2264,1169,2283.60009765625,1128.7,2292.5,1129.5,2270.5,1136.4000244140625,2253.60009765625,1147.5,2240.6,1168.699951171875,2234],"groupId":0,"pointLabels":{},"locked":false,"visible":true,"attributes":[],"className":"Downy mildew"},{"type":"polygon","classId":1,"probability":100,"points":[2431.6,1651.4,2393.4,1664.1,2379.4,1682.9,2364.6,1726.4,2363.3,1727.8,2347.9,1766.7,2362.6,1776,2382.7,1751.9,2410.9,1715,2434.3,1653.4],"groupId":0,"pointLabels":{},"locked":false,"visible":true,"attributes":[],"className":"Downy mildew"},{"type":"polygon","classId":1,"probability":100,"points":[2495.6,1512.3,2458.6,1508.4,2428.4,1561.9,2411.8,1615.5,2433.3,1643.7,2456.6,1608.7,2475.1,1562.9,2498.5,1515.2],"groupId":0,"pointLabels":{},"locked":false,"visible":true,"attributes":[],"className":"Downy mildew"},{"type":"polygon","classId":1,"probability":100,"points":[1942.5,1525.6,1936.6,1519.7,1866.1,1531.5,1809.3,1578.5,1815.1,1647,1881.7,1688.2,1997.3,1652.9,2007.1,1584.3,1952.3,1523.6],"groupId":0,"pointLabels":{},"locked":false,"visible":true,"attributes":[],"className":"Downy mildew"},{"type":"polygon","classId":1,"probability":100,"points":[2429.9,1374.9,2338.7,1344.5,2272.5,1376.7,2267.2,1444.7,2329.8,1484,2404.9,1467.9,2435.3,1385.7,2426.3,1369.6],"groupId":0,"pointLabels":{},"locked":false,"visible":true,"attributes":[],"className":"Downy mildew"}],"tags":[],"metadata":{"version":"1.0.0","name":"_DSC4805.JPG","status":"Completed"}}