{"instances":[{"type":"polygon","classId":1,"probability":100,"points":[641.7,2992.8,697.9,3024.2,701.9,3072.9,656.4,3090.3,627,3064.9,627,3017.5,640.4,2992.1],"groupId":0,"pointLabels":{},"locked":false,"visible":true,"attributes":[],"className":"Downy mildew"},{"type":"polygon","classId":1,"probability":100,"points":[2267.9,2860.9,2293.3,2867.5,2291.7,2872.7,2296.3,2879.3,2292.8,2886.6,2304.3,2891.6,2311.1,2898.1,2311.4,2902.8,2292.2,2902.2,2268.7,2890.5,2266.8,2861.8],"groupId":0,"pointLabels":{},"locked":false,"visible":true,"attributes":[],"className":"Downy mildew"},{"type":"polygon","classId":1,"probability":100,"points":[2120.3,3000.9,2097.1,3013,2076.8,3008.7,2076.4,3008,2084.3,2981.6,2112.1,2971.6,2142.4,2965.2,2135.3,2994.8,2121.4,3001.2],"groupId":0,"pointLabels":{},"locked":false,"visible":true,"attributes":[],"className":"Downy mildew"},{"type":"polygon","classId":1,"probability":100,"points":[1943.9,3035,1958.7,3037.5,1979.3,3045.7,2000,3036.7,2014.8,3002.8,1989.2,2987.2,1972.7,2995.4,1956.2,2983,1934.8,2985.5,1942.2,3033.4],"groupId":0,"pointLabels":{},"locked":false,"visible":true,"attributes":[],"className":"Downy mildew"},{"type":"polygon","classId":1,"probability":100,"points":[3431.3,2560.3,3337.2,2587.9,3269.7,2517.3,3225.8,2426.3,3216.6,2388.5,3280,2361.9,3364.8,2401.8,3427.2,2480.5,3431.3,2487.7,3431.3,2559.3],"groupId":0,"pointLabels":{},"locked":false,"visible":true,"attributes":[],"className":"Downy mildew"}],"tags":[],"metadata":{"version":"1.0.0","name":"_DSC4801.JPG","status":"Completed"}}